subject,roi_set,roi,phase,within_yy,within_kj,within,between,between_minus_within
sub-01,meta_spatial,meta_L_PPA_PHG,run3,0.7849109228541908,0.7124034346099882,0.7486571787320895,0.7774710181216115,0.028813839389521978
sub-01,meta_spatial,meta_L_PPA_PHG,run4,0.6751093984829596,0.5052685757147107,0.5901889870988352,0.6013226862090396,0.011133699110204454
sub-02,meta_spatial,meta_L_PPA_PHG,run3,0.6247726959964118,0.8226639295433438,0.7237183127698779,0.7334196395419419,0.009701326772064034
sub-02,meta_spatial,meta_L_PPA_PHG,run4,0.8511796170421834,0.7694379226763974,0.8103087698592903,0.8213185870420436,0.01100981718275329
sub-03,meta_spatial,meta_L_PPA_PHG,run3,0.7605163137155019,0.585085389346176,0.672800851530839,0.7322009763551873,0.05940012482434831
sub-03,meta_spatial,meta_L_PPA_PHG,run4,0.6404744809145055,0.6127299365612117,0.6266022087378587,0.6189883582851724,-0.007613850452686255
sub-04,meta_spatial,meta_L_PPA_PHG,run3,0.8851865812162559,0.8367956039767067,0.8609910925964813,0.8615747940687781,0.0005837014722968048
sub-04,meta_spatial,meta_L_PPA_PHG,run4,0.9124601560120271,0.8982709006789203,0.9053655283454738,0.9020104624820974,-0.0033550658633764163
sub-05,meta_spatial,meta_L_PPA_PHG,run3,0.6264084220287036,0.6103055597333288,0.6183569908810163,0.6278518247425762,0.009494833861559915
sub-05,meta_spatial,meta_L_PPA_PHG,run4,0.7131843570383647,0.5495313932107713,0.631357875124568,0.6354814584884524,0.004123583363884409
sub-06,meta_spatial,meta_L_PPA_PHG,run3,0.6618628734868657,0.5675725271496277,0.6147177003182467,0.627306015551045,0.012588315232798353
sub-06,meta_spatial,meta_L_PPA_PHG,run4,0.7874375768620876,0.7681418742608939,0.7777897255614907,0.7816316211844665,0.003841895622975766
sub-07,meta_spatial,meta_L_PPA_PHG,run3,0.1951073028158036,0.2989968103297013,0.24705205657275248,0.2567399464949248,0.009687889922172344
sub-07,meta_spatial,meta_L_PPA_PHG,run4,0.7009316655116264,0.7332383710534236,0.717085018282525,0.7088892886500038,-0.008195729632521243
sub-08,meta_spatial,meta_L_PPA_PHG,run3,0.4498906697872157,0.5008920241794381,0.4753913469833269,0.4695468007134701,-0.00584454626985681
sub-08,meta_spatial,meta_L_PPA_PHG,run4,0.7381017753558782,0.7699943867146701,0.7540480810352741,0.7666655156228913,0.012617434587617216
sub-09,meta_spatial,meta_L_PPA_PHG,run3,0.3533467367378356,0.31411577626547865,0.33373125650165714,0.34092444372048675,0.007193187218829611
sub-09,meta_spatial,meta_L_PPA_PHG,run4,0.7286613977186809,0.7493108636353508,0.7389861306770158,0.7629461649781386,0.023960034301122812
sub-10,meta_spatial,meta_L_PPA_PHG,run3,0.7197174545056135,0.8218905719546156,0.7708040132301146,0.7715729033602173,0.0007688901301027284
sub-10,meta_spatial,meta_L_PPA_PHG,run4,0.8473815068392029,0.8757665683563882,0.8615740375977956,0.8534054964513073,-0.00816854114648835
sub-11,meta_spatial,meta_L_PPA_PHG,run3,0.7310645614162248,0.7722166905008992,0.751640625958562,0.7594957754648888,0.00785514950632682
sub-11,meta_spatial,meta_L_PPA_PHG,run4,0.6273135851124502,0.6782337199633407,0.6527736525378954,0.656986630813866,0.004212978275970558
sub-12,meta_spatial,meta_L_PPA_PHG,run3,0.8291121595988554,0.78006564642683,0.8045889030128427,0.8366109812733894,0.032022078260546705
sub-12,meta_spatial,meta_L_PPA_PHG,run4,0.7587769245001688,0.7628659720504564,0.7608214482753126,0.815372625208489,0.05455117693317635
sub-13,meta_spatial,meta_L_PPA_PHG,run3,0.6889698885924026,0.7958606986646852,0.742415293628544,0.7569291067152798,0.014513813086735827
sub-13,meta_spatial,meta_L_PPA_PHG,run4,0.7655438149680367,0.7919411861233255,0.7787425005456812,0.7777543283561208,-0.0009881721895603768
sub-14,meta_spatial,meta_L_PPA_PHG,run3,0.6573668264036345,0.8494031089556506,0.7533849676796426,0.7715690301768926,0.01818406249725002
sub-14,meta_spatial,meta_L_PPA_PHG,run4,0.7264488788362969,0.8440242939270577,0.7852365863816773,0.7859034675540979,0.0006668811724206414
sub-15,meta_spatial,meta_L_PPA_PHG,run3,0.5231930313158755,0.6262676265322481,0.5747303289240617,0.5787445701105527,0.004014241186490963
sub-15,meta_spatial,meta_L_PPA_PHG,run4,0.2856624935340674,0.31620434983750334,0.3009334216857854,0.29930156181915624,-0.0016318598666291706
sub-16,meta_spatial,meta_L_PPA_PHG,run3,0.8814558110334055,0.8066212195651159,0.8440385152992607,0.8509941261383274,0.006955610839066706
sub-16,meta_spatial,meta_L_PPA_PHG,run4,0.8881488909687096,0.9019069958140182,0.8950279433913639,0.9357315773962824,0.0407036340049185
sub-17,meta_spatial,meta_L_PPA_PHG,run3,0.8171576977607878,0.7958381972061521,0.8064979474834699,0.8328622917970128,0.026364344313542842
sub-17,meta_spatial,meta_L_PPA_PHG,run4,0.6473751010223572,0.7219188656018665,0.6846469833121118,0.7015873472710563,0.016940363958944493
sub-18,meta_spatial,meta_L_PPA_PHG,run3,0.9436602388226376,0.9032528982583913,0.9234565685405145,0.9086125936650727,-0.014843974875441757
sub-18,meta_spatial,meta_L_PPA_PHG,run4,0.862949666172888,0.8246672673868666,0.8438084667798773,0.8516576494591566,0.007849182679279254
sub-19,meta_spatial,meta_L_PPA_PHG,run3,0.7637540736594784,0.75639487494305,0.7600744743012642,0.7685740143615523,0.00849954006028808
sub-19,meta_spatial,meta_L_PPA_PHG,run4,0.8611937595664119,0.8294617862133093,0.8453277728898606,0.8428120976290543,-0.002515675260806316
sub-20,meta_spatial,meta_L_PPA_PHG,run3,0.7750480271723921,0.8502556571558059,0.8126518421640989,0.8294044406232705,0.01675259845917154
sub-20,meta_spatial,meta_L_PPA_PHG,run4,0.7022129959757997,0.7308351752938224,0.716524085634811,0.7138916816010719,-0.0026324040337390997
sub-21,meta_spatial,meta_L_PPA_PHG,run3,0.8250305158787642,0.830441512516749,0.8277360141977566,0.8282336909751407,0.000497676777384104
sub-21,meta_spatial,meta_L_PPA_PHG,run4,0.8543122259003653,0.7730609422157915,0.8136865840580784,0.8396014055655832,0.025914821507504793
sub-22,meta_spatial,meta_L_PPA_PHG,run3,0.843220943082002,0.7904692724235126,0.8168451077527573,0.8434606099110231,0.026615502158265802
sub-22,meta_spatial,meta_L_PPA_PHG,run4,0.739102065856869,0.7640321174038726,0.7515670916303707,0.7535014124698428,0.0019343208394720923
sub-23,meta_spatial,meta_L_PPA_PHG,run3,0.728818766664736,0.7975361737390005,0.7631774702018683,0.7790759741102361,0.015898503908367778
sub-23,meta_spatial,meta_L_PPA_PHG,run4,0.6916797663320123,0.7019547800944338,0.6968172732132231,0.7080147209479499,0.011197447734726862
sub-24,meta_spatial,meta_L_PPA_PHG,run3,0.6847820350372709,0.7260998243144515,0.7054409296758613,0.7121912639671435,0.006750334291282245
sub-24,meta_spatial,meta_L_PPA_PHG,run4,0.9589186428120634,0.9743212624703024,0.966619952641183,0.9660751356021732,-0.0005448170390097706
sub-25,meta_spatial,meta_L_PPA_PHG,run3,0.4632758879186094,0.594339967764935,0.5288079278417722,0.5540941278952225,0.02528620005345028
sub-25,meta_spatial,meta_L_PPA_PHG,run4,0.3095674995003815,0.3236315175907237,0.31659950854555263,0.3155878459344922,-0.0010116626110604487
sub-26,meta_spatial,meta_L_PPA_PHG,run3,0.778684510096764,0.8033492722117456,0.7910168911542548,0.79972322953865,0.008706338384395274
sub-26,meta_spatial,meta_L_PPA_PHG,run4,0.6274719789319452,0.5638103371704274,0.5956411580511862,0.6224314329649933,0.026790274913807033
sub-27,meta_spatial,meta_L_PPA_PHG,run3,0.9863506440808335,0.9681810686290122,0.9772658563549228,0.9742828011564614,-0.002983055198461426
sub-27,meta_spatial,meta_L_PPA_PHG,run4,0.9360546374007691,0.9483460477885677,0.9422003425946683,0.9228958256743872,-0.019304516920281123
sub-28,meta_spatial,meta_L_PPA_PHG,run3,0.8725753059412057,0.8263649550995115,0.8494701305203586,0.8484791018165141,-0.0009910287038444876
sub-28,meta_spatial,meta_L_PPA_PHG,run4,0.7856146142519449,0.7982840522839442,0.7919493332679446,0.7910159039488995,-0.0009334293190450538
sub-01,meta_spatial,meta_L_PPC_SPL,run3,0.7838600766300748,0.7601598582702029,0.7720099674501388,0.7958572675241732,0.02384730007403435
sub-01,meta_spatial,meta_L_PPC_SPL,run4,0.736618255264507,0.633864302175825,0.685241278720166,0.6803023395093566,-0.0049389392108094565
sub-02,meta_spatial,meta_L_PPC_SPL,run3,0.7708685259483626,0.8592584202737485,0.8150634731110555,0.8336674852514497,0.0186040121403942
sub-02,meta_spatial,meta_L_PPC_SPL,run4,0.6251255824908154,0.6490524276852192,0.6370890050880174,0.6345392784215207,-0.0025497266664966656
sub-03,meta_spatial,meta_L_PPC_SPL,run3,0.7261282511339451,0.6824759720971838,0.7043021116155644,0.7055674224408627,0.0012653108252982381
sub-03,meta_spatial,meta_L_PPC_SPL,run4,0.6996969833959786,0.6946118859097689,0.6971544346528737,0.684424523552869,-0.012729911100004765
sub-04,meta_spatial,meta_L_PPC_SPL,run3,0.9220487220026681,0.8947681926767622,0.9084084573397151,0.8979592680611295,-0.010449189278585624
sub-04,meta_spatial,meta_L_PPC_SPL,run4,0.8961202709270375,0.9094373873068802,0.9027788291169588,0.9360188556187382,0.033240026501779374
sub-05,meta_spatial,meta_L_PPC_SPL,run3,0.8445268000118954,0.8743750270475503,0.8594509135297228,0.8530560662674898,-0.00639484726223305
sub-05,meta_spatial,meta_L_PPC_SPL,run4,0.9604211707039036,0.8389355426910545,0.8996783566974791,0.9034571590889907,0.0037788023915116264
sub-06,meta_spatial,meta_L_PPC_SPL,run3,0.5778866618850215,0.5435884347274728,0.5607375483062471,0.5580098720006443,-0.0027276763056027775
sub-06,meta_spatial,meta_L_PPC_SPL,run4,0.7019107477405968,0.6372383318616384,0.6695745398011176,0.6733670980216955,0.0037925582205778907
sub-07,meta_spatial,meta_L_PPC_SPL,run3,0.41595928998637416,0.5103810883654004,0.46317018917588726,0.4938738771194945,0.030703687943607227
sub-07,meta_spatial,meta_L_PPC_SPL,run4,0.8888031013240311,0.8377533007775482,0.8632782010507896,0.8738076636135594,0.010529462562769876
sub-08,meta_spatial,meta_L_PPC_SPL,run3,0.5255504307056746,0.5537232303366209,0.5396368305211477,0.5583503971575204,0.01871356663637269
sub-08,meta_spatial,meta_L_PPC_SPL,run4,0.8336236707926777,0.8246325781285267,0.8291281244606022,0.8182823715542631,-0.010845752906339157
sub-09,meta_spatial,meta_L_PPC_SPL,run3,0.7958395966823617,0.7680764719122241,0.7819580342972929,0.7776242129552446,-0.004333821342048294
sub-09,meta_spatial,meta_L_PPC_SPL,run4,0.7031215864567986,0.6823112036860274,0.692716395071413,0.6889371123512448,-0.0037792827201682533
sub-10,meta_spatial,meta_L_PPC_SPL,run3,0.8774000747458237,0.9371127972979777,0.9072564360219006,0.8995333023891338,-0.007723133632766888
sub-10,meta_spatial,meta_L_PPC_SPL,run4,0.8600058007076766,0.8157270444548265,0.8378664225812515,0.8246838749250266,-0.013182547656224952
sub-11,meta_spatial,meta_L_PPC_SPL,run3,0.5281223681233882,0.5906232303546609,0.5593727992390245,0.5545476452127187,-0.004825154026305789
sub-11,meta_spatial,meta_L_PPC_SPL,run4,0.5586557359213735,0.5139823358005347,0.5363190358609541,0.5369088628659423,0.0005898270049882193
sub-12,meta_spatial,meta_L_PPC_SPL,run3,0.7439869726828381,0.6634002682196553,0.7036936204512467,0.7117813194364728,0.0080876989852261
sub-12,meta_spatial,meta_L_PPC_SPL,run4,0.6188692004678034,0.7612476793690809,0.6900584399184422,0.6988977317845261,0.008839291866083898
sub-13,meta_spatial,meta_L_PPC_SPL,run3,0.7452513256708667,0.6735407478916525,0.7093960367812596,0.7027125587147399,-0.006683478066519699
sub-13,meta_spatial,meta_L_PPC_SPL,run4,0.7839515027204976,0.8031837717431665,0.7935676372318321,0.8082664164919222,0.014698779260090111
sub-14,meta_spatial,meta_L_PPC_SPL,run3,0.6716855465658254,0.7813634430868922,0.7265244948263587,0.7184675485893597,-0.00805694623699904
sub-14,meta_spatial,meta_L_PPC_SPL,run4,0.6402743578143615,0.719933564025761,0.6801039609200612,0.6747764370242046,-0.005327523895856556
sub-15,meta_spatial,meta_L_PPC_SPL,run3,0.31584748953885844,0.31789975131587234,0.3168736204273654,0.31231852699591894,-0.004555093431446444
sub-15,meta_spatial,meta_L_PPC_SPL,run4,0.7188111616229496,0.7084871092756073,0.7136491354492784,0.7035823141566026,-0.010066821292675887
sub-16,meta_spatial,meta_L_PPC_SPL,run3,0.8615030553790923,0.7358628976808942,0.7986829765299932,0.8047026806343152,0.006019704104321955
sub-16,meta_spatial,meta_L_PPC_SPL,run4,0.9270793410519027,0.9761954807436994,0.9516374108978011,0.9697172173824135,0.018079806484612382
sub-17,meta_spatial,meta_L_PPC_SPL,run3,0.8107547548584324,0.8690841488983195,0.8399194518783759,0.8318152181824877,-0.008104233695888197
sub-17,meta_spatial,meta_L_PPC_SPL,run4,0.8544023428319244,0.9013968000559035,0.877899571443914,0.8750267299926002,-0.0028728414513137235
sub-18,meta_spatial,meta_L_PPC_SPL,run3,0.8793424739375733,0.8601849178063938,0.8697636958719835,0.8688615986579801,-0.0009020972140034722
sub-18,meta_spatial,meta_L_PPC_SPL,run4,0.8586691058517243,0.8199840095459653,0.8393265576988448,0.8673252636739306,0.027998705975085802
sub-19,meta_spatial,meta_L_PPC_SPL,run3,0.6341702753794869,0.6991725125207386,0.6666713939501128,0.6751047106925216,0.00843331674240888
sub-19,meta_spatial,meta_L_PPC_SPL,run4,0.7465026943661439,0.7468557824378854,0.7466792384020147,0.7324130435108812,-0.014266194891133455
sub-20,meta_spatial,meta_L_PPC_SPL,run3,0.4002383907659859,0.44755425196838333,0.4238963213671846,0.42481056052525745,0.0009142391580728715
sub-20,meta_spatial,meta_L_PPC_SPL,run4,0.7336379512009734,0.6452993953022792,0.6894686732516263,0.6897615567401792,0.0002928834885529419
sub-21,meta_spatial,meta_L_PPC_SPL,run3,0.744979934123817,0.8220119758943251,0.783495955009071,0.8046251695800974,0.021129214571026456
sub-21,meta_spatial,meta_L_PPC_SPL,run4,0.8393091253876634,0.770158586849001,0.8047338561183321,0.8197355177538111,0.015001661635479002
sub-22,meta_spatial,meta_L_PPC_SPL,run3,0.6794677734734762,0.6789979457628748,0.6792328596181755,0.6706506387078576,-0.008582220910317906
sub-22,meta_spatial,meta_L_PPC_SPL,run4,0.7489032009756106,0.8193129611345228,0.7841080810550667,0.7773935338014296,-0.006714547253637071
sub-23,meta_spatial,meta_L_PPC_SPL,run3,0.7557974684893645,0.8730285355037894,0.814413001996577,0.8206771162797029,0.006264114283125899
sub-23,meta_spatial,meta_L_PPC_SPL,run4,0.7826676846145859,0.7628153467860658,0.7727415157003259,0.77816654340931,0.00542502770898412
sub-24,meta_spatial,meta_L_PPC_SPL,run3,0.7522237064870312,0.8862419677454734,0.8192328371162523,0.8304442797503695,0.011211442634117219
sub-24,meta_spatial,meta_L_PPC_SPL,run4,0.9276567694323565,0.9564092576768722,0.9420330135546144,0.9395641717917147,-0.0024688417628997428
sub-25,meta_spatial,meta_L_PPC_SPL,run3,0.6418754724000532,0.6853176147847181,0.6635965435923856,0.6579863628846685,-0.005610180707717127
sub-25,meta_spatial,meta_L_PPC_SPL,run4,0.31904248249245104,0.45119426882389757,0.3851183756581743,0.3950629450003853,0.009944569342210996
sub-26,meta_spatial,meta_L_PPC_SPL,run3,0.580473582541254,0.5735595622595916,0.5770165724004228,0.5697465214624916,-0.007270050937931205
sub-26,meta_spatial,meta_L_PPC_SPL,run4,0.6388391048582769,0.5632716794841962,0.6010553921712365,0.5955421761840186,-0.005513215987217879
sub-27,meta_spatial,meta_L_PPC_SPL,run3,0.89640138617455,0.924853427981945,0.9106274070782475,0.897271433910152,-0.013355973168095558
sub-27,meta_spatial,meta_L_PPC_SPL,run4,0.908526398352147,0.9260544366308062,0.9172904174914767,0.9087277802065931,-0.0085626372848836
sub-28,meta_spatial,meta_L_PPC_SPL,run3,0.647400581962074,0.6160536999185661,0.63172714094032,0.6301052888102613,-0.0016218521300587208
sub-28,meta_spatial,meta_L_PPC_SPL,run4,0.6380209588317234,0.6593989483117786,0.648709953571751,0.6408016911414693,-0.007908262430281643
sub-01,meta_spatial,meta_L_RSC_PCC,run3,0.7269982049704811,0.7966155074392399,0.7618068562048605,0.778416655674978,0.016609799470117426
sub-01,meta_spatial,meta_L_RSC_PCC,run4,0.8593702800763573,0.7576759251056122,0.8085231025909847,0.8050686573436828,-0.003454445247301874
sub-02,meta_spatial,meta_L_RSC_PCC,run3,0.7924285233009546,0.7870038620378136,0.7897161926693841,0.784685713911283,-0.005030478758101142
sub-02,meta_spatial,meta_L_RSC_PCC,run4,0.6201165058866117,0.5325890016672321,0.576352753776922,0.6028544144942318,0.02650166071730986
sub-03,meta_spatial,meta_L_RSC_PCC,run3,0.6989819583903797,0.6141596347039081,0.6565707965471439,0.6952993129110437,0.038728516363899845
sub-03,meta_spatial,meta_L_RSC_PCC,run4,0.776527674239348,0.7278745445343171,0.7522011093868326,0.752199331096891,-1.7782899416340925e-06
sub-04,meta_spatial,meta_L_RSC_PCC,run3,0.8702931450861778,0.917099847511188,0.8936964962986829,0.8782522130048832,-0.015444283293799654
sub-04,meta_spatial,meta_L_RSC_PCC,run4,0.8843948746460947,0.9037722766366577,0.8940835756413762,0.9000912304018082,0.0060076547604319686
sub-05,meta_spatial,meta_L_RSC_PCC,run3,0.71433422006958,0.7969130936504214,0.7556236568600008,0.7785888512888648,0.022965194428864022
sub-05,meta_spatial,meta_L_RSC_PCC,run4,0.8237291954606428,0.7430157461618041,0.7833724708112235,0.7946029643289141,0.011230493517690565
sub-06,meta_spatial,meta_L_RSC_PCC,run3,0.8253518004255037,0.7947622695557973,0.8100570349906505,0.832725669166548,0.022668634175897484
sub-06,meta_spatial,meta_L_RSC_PCC,run4,0.8390741356407955,0.7267902600130157,0.7829321978269056,0.7840586336669598,0.0011264358400542296
sub-07,meta_spatial,meta_L_RSC_PCC,run3,0.40462510824622305,0.43352123841771606,0.4190731733319696,0.42139644549369965,0.002323272161730061
sub-07,meta_spatial,meta_L_RSC_PCC,run4,0.5840273641736001,0.75172275548941,0.6678750598315051,0.6729720780022855,0.005097018170780454
sub-08,meta_spatial,meta_L_RSC_PCC,run3,0.5185802225189777,0.5627422676557428,0.5406612450873602,0.5293877417743102,-0.011273503313049993
sub-08,meta_spatial,meta_L_RSC_PCC,run4,0.9044994599576945,0.8578585660692154,0.8811790130134549,0.8625700337045414,-0.018608979308913476
sub-09,meta_spatial,meta_L_RSC_PCC,run3,0.7708262780554347,0.6790300838599613,0.724928180957698,0.7457112680168224,0.02078308705912446
sub-09,meta_spatial,meta_L_RSC_PCC,run4,0.7161728549121099,0.8364240655668306,0.7762984602394702,0.7783986817865508,0.0021002215470805607
sub-10,meta_spatial,meta_L_RSC_PCC,run3,0.7286903468740583,0.7897994332277407,0.7592448900508995,0.803089531805088,0.04384464175418856
sub-10,meta_spatial,meta_L_RSC_PCC,run4,0.8133684527087621,0.8095366312604043,0.8114525419845833,0.8039390999327256,-0.007513442051857666
sub-11,meta_spatial,meta_L_RSC_PCC,run3,0.731424533557308,0.6446887647710485,0.6880566491641782,0.6856940753557503,-0.002362573808427859
sub-11,meta_spatial,meta_L_RSC_PCC,run4,0.8787961075818717,0.8578502670017525,0.868323187291812,0.854967185918187,-0.013356001373625026
sub-12,meta_spatial,meta_L_RSC_PCC,run3,0.6779284307340225,0.5407003061660538,0.6093143684500382,0.6266895255747164,0.017375157124678187
sub-12,meta_spatial,meta_L_RSC_PCC,run4,0.8227750405628018,0.816671869169626,0.8197234548662139,0.8912891097112969,0.07156565484508304
sub-13,meta_spatial,meta_L_RSC_PCC,run3,0.7597676169157537,0.7776308246846284,0.768699220800191,0.7769730728948913,0.008273852094700218
sub-13,meta_spatial,meta_L_RSC_PCC,run4,0.8285336688597152,0.7179001990153964,0.7732169339375559,0.7735872208326883,0.0003702868951324101
sub-14,meta_spatial,meta_L_RSC_PCC,run3,0.7230646728397769,0.7760739499151424,0.7495693113774597,0.7650061771353694,0.015436865757909701
sub-14,meta_spatial,meta_L_RSC_PCC,run4,0.8883639182690855,0.9237761487715362,0.9060700335203109,0.9033072023867811,-0.0027628311335298195
sub-15,meta_spatial,meta_L_RSC_PCC,run3,0.2838107255592792,0.41905914819106416,0.3514349368751717,0.3672012026296455,0.01576626575447382
sub-15,meta_spatial,meta_L_RSC_PCC,run4,0.7829813511642912,0.711432438835855,0.7472068950000732,0.7474006668985915,0.00019377189851832455
sub-16,meta_spatial,meta_L_RSC_PCC,run3,0.8617125815442007,0.8181397406901095,0.8399261611171551,0.8458526589988908,0.005926497881735715
sub-16,meta_spatial,meta_L_RSC_PCC,run4,0.9717148107342237,0.9704139472959342,0.971064379015079,0.9842059046660752,0.013141525650996133
sub-17,meta_spatial,meta_L_RSC_PCC,run3,0.7092115801677524,0.7562348115940225,0.7327231958808875,0.7359227092630434,0.0031995133821558497
sub-17,meta_spatial,meta_L_RSC_PCC,run4,0.6950683634330501,0.8256334990967759,0.760350931264913,0.7684016130255803,0.008050681760667255
sub-18,meta_spatial,meta_L_RSC_PCC,run3,0.9279102575758846,0.8079395804669213,0.8679249190214029,0.8756421260480595,0.0077172070266565695
sub-18,meta_spatial,meta_L_RSC_PCC,run4,0.654561882967604,0.7572505198695076,0.7059062014185558,0.7328389780711306,0.026932776652574875
sub-19,meta_spatial,meta_L_RSC_PCC,run3,0.7896761195685973,0.7611543690108625,0.77541524428973,0.7660347319951378,-0.009380512294592136
sub-19,meta_spatial,meta_L_RSC_PCC,run4,0.8694759223286119,0.6035474602130808,0.7365116912708464,0.7666609038245656,0.030149212553719273
sub-20,meta_spatial,meta_L_RSC_PCC,run3,0.8343075144791029,0.9378894499662713,0.8860984822226872,0.9014602146754276,0.015361732452740418
sub-20,meta_spatial,meta_L_RSC_PCC,run4,0.8091040370532974,0.7855075343581112,0.7973057857057042,0.7891938295589275,-0.008111956146776733
sub-21,meta_spatial,meta_L_RSC_PCC,run3,0.9295438643174828,0.8577210720210021,0.8936324681692425,0.8934682355117248,-0.00016423265751763783
sub-21,meta_spatial,meta_L_RSC_PCC,run4,0.919562749415348,0.865175870166249,0.8923693097907985,0.8983683993951015,0.005999089604302954
sub-22,meta_spatial,meta_L_RSC_PCC,run3,0.60284178004144,0.5113672281133627,0.5571045040774013,0.5709663346729977,0.013861830595596425
sub-22,meta_spatial,meta_L_RSC_PCC,run4,0.7527028675715192,0.7967554579948287,0.7747291627831739,0.7647324957077622,-0.009996667075411692
sub-23,meta_spatial,meta_L_RSC_PCC,run3,0.5478066731376852,0.7858011197873853,0.6668038964625352,0.7027438652150583,0.03593996875252303
sub-23,meta_spatial,meta_L_RSC_PCC,run4,0.7953844873157399,0.8054781062058408,0.8004312967607903,0.7994090928668959,-0.0010222038938944022
sub-24,meta_spatial,meta_L_RSC_PCC,run3,0.6361047850411554,0.7799613829436797,0.7080330839924176,0.7049289353330884,-0.0031041486593291756
sub-24,meta_spatial,meta_L_RSC_PCC,run4,0.9095188993340351,0.9109965160968516,0.9102577077154433,0.8960367860310967,-0.014220921684346632
sub-25,meta_spatial,meta_L_RSC_PCC,run3,0.41387132786770264,0.36589078009223114,0.38988105397996686,0.3903337664033156,0.0004527124233487112
sub-25,meta_spatial,meta_L_RSC_PCC,run4,0.5124040889124292,0.5238294040775742,0.5181167464950016,0.5507317541102044,0.03261500761520275
sub-26,meta_spatial,meta_L_RSC_PCC,run3,0.6540444246787321,0.6147164699161168,0.6343804472974245,0.6420504091098095,0.0076699618123849955
sub-26,meta_spatial,meta_L_RSC_PCC,run4,0.28283982604027785,0.3861891118282004,0.33451446893423914,0.34848349029115333,0.01396902135691419
sub-27,meta_spatial,meta_L_RSC_PCC,run3,0.9698130122211533,1.0042649950925104,0.987039003656832,0.9843760117878971,-0.0026629918689348164
sub-27,meta_spatial,meta_L_RSC_PCC,run4,0.8917032244482774,0.9236558623003538,0.9076795433743157,0.8965784143962849,-0.011101128978030728
sub-28,meta_spatial,meta_L_RSC_PCC,run3,0.6826338341906458,0.6719896799148348,0.6773117570527403,0.6664889239071745,-0.010822833145565758
sub-28,meta_spatial,meta_L_RSC_PCC,run4,0.5917576983086784,0.6287608339995889,0.6102592661541337,0.6078910763228356,-0.002368189831298162
sub-01,meta_spatial,meta_L_hippocampus,run3,0.4829231681290406,0.6316230707885525,0.5572731194587965,0.5642904412646147,0.007017321805818155
sub-01,meta_spatial,meta_L_hippocampus,run4,0.7570658783194164,0.6417300372483418,0.6993979577838791,0.6950938841381145,-0.004304073645764683
sub-02,meta_spatial,meta_L_hippocampus,run3,0.7415417020087022,0.7932459586207172,0.7673938303147096,0.7629473529737473,-0.004446477340962374
sub-02,meta_spatial,meta_L_hippocampus,run4,0.5736624992167453,0.48989304210635265,0.531777770661549,0.5349967617068367,0.003218991045287778
sub-03,meta_spatial,meta_L_hippocampus,run3,0.8027862315388334,0.7640640008810456,0.7834251162099395,0.7901619855010391,0.006736869291099623
sub-03,meta_spatial,meta_L_hippocampus,run4,0.7664607094242342,0.7222141375236554,0.7443374234739448,0.7495667581309104,0.005229334656965623
sub-04,meta_spatial,meta_L_hippocampus,run3,0.9012454355472505,0.8979075829585884,0.8995765092529194,0.8898595009379857,-0.009717008314933717
sub-04,meta_spatial,meta_L_hippocampus,run4,0.8077427169209453,0.8760633099277398,0.8419030134243426,0.8459155974129603,0.004012583988617702
sub-05,meta_spatial,meta_L_hippocampus,run3,0.8075152093479667,0.8544317856795149,0.8309734975137408,0.8198874062018174,-0.011086091311923396
sub-05,meta_spatial,meta_L_hippocampus,run4,0.8468176035843006,0.7988479333856904,0.8228327684849954,0.8138613351615687,-0.008971433323426758
sub-06,meta_spatial,meta_L_hippocampus,run3,0.8175938288727514,0.8168260193743154,0.8172099241235334,0.8188076230415776,0.001597698918044177
sub-06,meta_spatial,meta_L_hippocampus,run4,0.7944258609181333,0.7598372637464671,0.7771315623323002,0.7865973482532849,0.009465785920984682
sub-07,meta_spatial,meta_L_hippocampus,run3,0.7093232421141261,0.6158205797916395,0.6625719109528828,0.6745173895568359,0.011945478603953119
sub-07,meta_spatial,meta_L_hippocampus,run4,0.6811250902382552,0.7124678123577048,0.6967964512979801,0.6911914021371044,-0.005605049160875675
sub-08,meta_spatial,meta_L_hippocampus,run3,0.6646316437635297,0.677287394269977,0.6709595190167533,0.6680656202890259,-0.002893898727727384
sub-08,meta_spatial,meta_L_hippocampus,run4,0.6593807988044473,0.648645452647689,0.6540131257260682,0.6682559261696395,0.01424280044357129
sub-09,meta_spatial,meta_L_hippocampus,run3,0.8892046404666394,0.8408841423239987,0.865044391395319,0.8617153459170797,-0.003329045478239312
sub-09,meta_spatial,meta_L_hippocampus,run4,0.7496866014937177,0.7272639158106845,0.7384752586522011,0.7424404663598342,0.003965207707633089
sub-10,meta_spatial,meta_L_hippocampus,run3,0.8023516821234399,0.789659747403133,0.7960057147632864,0.7935089968734229,-0.002496717889863498
sub-10,meta_spatial,meta_L_hippocampus,run4,0.8152935447803006,0.8785655682096882,0.8469295564949944,0.8426597800059488,-0.004269776489045585
sub-11,meta_spatial,meta_L_hippocampus,run3,0.7666024607511996,0.8018824919025214,0.7842424763268605,0.7982632116638527,0.014020735336992218
sub-11,meta_spatial,meta_L_hippocampus,run4,0.4296945030567098,0.5314344633992861,0.48056448322799794,0.478153869212862,-0.0024106140151359257
sub-12,meta_spatial,meta_L_hippocampus,run3,0.7782109841565785,0.7677947602523515,0.7730028722044651,0.7756874260388142,0.0026845538343491793
sub-12,meta_spatial,meta_L_hippocampus,run4,0.8258667836471997,0.8156609893011786,0.8207638864741891,0.8179070475268129,-0.0028568389473762057
sub-13,meta_spatial,meta_L_hippocampus,run3,0.8061587207452076,0.716399743342393,0.7612792320438002,0.7627907641740109,0.0015115321302107132
sub-13,meta_spatial,meta_L_hippocampus,run4,0.7870789945028898,0.7138185349028059,0.7504487647028478,0.752216318794869,0.0017675540920212285
sub-14,meta_spatial,meta_L_hippocampus,run3,0.880562447700682,0.8818963075180881,0.8812293776093851,0.8863285680902955,0.005099190480910343
sub-14,meta_spatial,meta_L_hippocampus,run4,0.6543026991162588,0.8017634661976623,0.7280330826569605,0.741343927030355,0.01331084437339447
sub-15,meta_spatial,meta_L_hippocampus,run3,0.6263778946562422,0.643094998352023,0.6347364465041325,0.6268339586097461,-0.007902487894386412
sub-15,meta_spatial,meta_L_hippocampus,run4,0.6545037320797052,0.603864774377476,0.6291842532285906,0.6223804873495277,-0.006803765879062951
sub-16,meta_spatial,meta_L_hippocampus,run3,0.9516654552303774,0.8866896410746801,0.9191775481525287,0.9172448967599073,-0.0019326513926214428
sub-16,meta_spatial,meta_L_hippocampus,run4,0.9151697563856365,0.9929374009244816,0.954053578655059,0.9641670126763879,0.010113434021328915
sub-17,meta_spatial,meta_L_hippocampus,run3,0.7516283705726242,0.7422607798970933,0.7469445752348587,0.7437873466746567,-0.0031572285602019523
sub-17,meta_spatial,meta_L_hippocampus,run4,0.7277212680893935,0.7649076812712333,0.7463144746803134,0.7430546553957468,-0.003259819284566645
sub-18,meta_spatial,meta_L_hippocampus,run3,0.9026986462320876,0.9262991004566193,0.9144988733443535,0.906502713805592,-0.007996159538761538
sub-18,meta_spatial,meta_L_hippocampus,run4,0.7626065190893575,0.822780711495691,0.7926936152925242,0.7875765127776325,-0.005117102514891725
sub-19,meta_spatial,meta_L_hippocampus,run3,0.768145971762991,0.7870765927671098,0.7776112822650505,0.7792928946841076,0.0016816124190570658
sub-19,meta_spatial,meta_L_hippocampus,run4,0.9210080070288839,0.8821167041779944,0.9015623556034391,0.9035681726992839,0.0020058170958447974
sub-20,meta_spatial,meta_L_hippocampus,run3,0.708344654672512,0.7341691586461255,0.7212569066593187,0.7148058898592922,-0.006451016800026577
sub-20,meta_spatial,meta_L_hippocampus,run4,0.7163095491751917,0.7532001581880123,0.734754853681602,0.723414208577902,-0.011340645103700031
sub-21,meta_spatial,meta_L_hippocampus,run3,0.7646367466530499,0.7853369001898967,0.7749868234214733,0.7671780425210262,-0.007808780900447121
sub-21,meta_spatial,meta_L_hippocampus,run4,0.81524014749142,0.7511693512621538,0.7832047493767869,0.7897094262024773,0.0065046768256904475
sub-22,meta_spatial,meta_L_hippocampus,run3,0.8315006447287444,0.707820075991188,0.7696603603599662,0.7675613265877156,-0.0020990337722506247
sub-22,meta_spatial,meta_L_hippocampus,run4,0.8067682372931235,0.8669178102865622,0.8368430237898429,0.8302581976486582,-0.006584826141184719
sub-23,meta_spatial,meta_L_hippocampus,run3,0.7441148498291247,0.8024269205728201,0.7732708852009724,0.7689687866401134,-0.004302098560859058
sub-23,meta_spatial,meta_L_hippocampus,run4,0.7669903976001672,0.806982193848743,0.7869862957244551,0.7917358986195782,0.004749602895123051
sub-24,meta_spatial,meta_L_hippocampus,run3,0.7535897581638564,0.8114790473628033,0.7825344027633299,0.7819561821587252,-0.0005782206046046623
sub-24,meta_spatial,meta_L_hippocampus,run4,0.9067470317654086,0.8960493268863853,0.9013981793258969,0.8952373723632103,-0.006160806962686616
sub-25,meta_spatial,meta_L_hippocampus,run3,0.7897963747679353,0.6573537083240649,0.723575041546,0.7225340816554492,-0.0010409598905508632
sub-25,meta_spatial,meta_L_hippocampus,run4,0.6176603338492438,0.7082277207256061,0.662944027287425,0.6746547949313174,0.01171076764389245
sub-26,meta_spatial,meta_L_hippocampus,run3,0.8101611181457202,0.8231400997910134,0.8166506089683668,0.8167730299502808,0.000122420981913951
sub-26,meta_spatial,meta_L_hippocampus,run4,0.6850690385875465,0.6723004124262634,0.678684725506905,0.6913453589912931,0.012660633484388173
sub-27,meta_spatial,meta_L_hippocampus,run3,0.9414148908977967,0.9640279334812136,0.9527214121895051,0.9418150036416175,-0.010906408547887603
sub-27,meta_spatial,meta_L_hippocampus,run4,0.8968034310043371,0.8862589316166967,0.8915311813105169,0.8856061164902718,-0.0059250648202451295
sub-28,meta_spatial,meta_L_hippocampus,run3,0.7024392010499322,0.7915383769211151,0.7469887889855236,0.7427502731774431,-0.004238515808080434
sub-28,meta_spatial,meta_L_hippocampus,run4,0.6817990448491856,0.6859722184914914,0.6838856316703386,0.6739338496107579,-0.009951782059580694
sub-01,meta_spatial,meta_L_precuneus,run3,0.7363693331809446,0.7758686099285588,0.7561189715547516,0.7543781328161493,-0.0017408387386023128
sub-01,meta_spatial,meta_L_precuneus,run4,0.5671765602960368,0.5638017254429801,0.5654891428695085,0.5589440839161972,-0.006545058953311256
sub-02,meta_spatial,meta_L_precuneus,run3,0.8942358022804708,0.9285553462347382,0.9113955742576045,0.9067736917568392,-0.00462188250076534
sub-02,meta_spatial,meta_L_precuneus,run4,0.7684755669224159,0.7724232444902394,0.7704494057063276,0.7892655174179561,0.018816111711628558
sub-03,meta_spatial,meta_L_precuneus,run3,0.53703107641572,0.5565956594747306,0.5468133679452253,0.5663215088736391,0.019508140928413797
sub-03,meta_spatial,meta_L_precuneus,run4,0.6849173756923348,0.6938682644243724,0.6893928200583537,0.6955537273087248,0.006160907250371106
sub-04,meta_spatial,meta_L_precuneus,run3,0.93350854708707,0.946799446889033,0.9401539969880515,0.9412130704403977,0.0010590734523462375
sub-04,meta_spatial,meta_L_precuneus,run4,0.8153558883460889,0.874131733178069,0.8447438107620789,0.8543244153622402,0.009580604600161302
sub-05,meta_spatial,meta_L_precuneus,run3,0.7380113334116555,0.7748606762843658,0.7564360048480107,0.7695231541111685,0.013087149263157793
sub-05,meta_spatial,meta_L_precuneus,run4,0.8803244263771177,0.777328431265499,0.8288264288213083,0.8382487805234012,0.009422351702092935
sub-06,meta_spatial,meta_L_precuneus,run3,0.6244850234945934,0.5024601228769499,0.5634725731857717,0.575856770869902,0.012384197684130238
sub-06,meta_spatial,meta_L_precuneus,run4,0.7993934691425345,0.7429090697588597,0.7711512694506971,0.7634884072922102,-0.007662862158486883
sub-07,meta_spatial,meta_L_precuneus,run3,0.7336861956817261,0.7875932099967327,0.7606397028392293,0.7815068040034794,0.020867101164250057
sub-07,meta_spatial,meta_L_precuneus,run4,0.8306132049504491,0.8176101309972499,0.8241116679738495,0.8177895493408386,-0.006322118633010909
sub-08,meta_spatial,meta_L_precuneus,run3,0.5787644217577904,0.6120069053189515,0.595385663538371,0.5925181996781398,-0.0028674638602311786
sub-08,meta_spatial,meta_L_precuneus,run4,0.8533367569639226,0.7965819250493236,0.8249593410066232,0.8227638048003507,-0.0021955362062724415
sub-09,meta_spatial,meta_L_precuneus,run3,0.4944721848597034,0.6392847156249218,0.5668784502423126,0.5695698122270573,0.0026913619847446224
sub-09,meta_spatial,meta_L_precuneus,run4,0.8188034154481157,0.7687616882556,0.7937825518518579,0.8111262957069071,0.01734374385504922
sub-10,meta_spatial,meta_L_precuneus,run3,0.68982479354711,0.8176145211105409,0.7537196573288254,0.8063410901396542,0.05262143281082876
sub-10,meta_spatial,meta_L_precuneus,run4,0.8170468922808446,0.8427045036764267,0.8298756979786357,0.8282893824130899,-0.0015863155655457817
sub-11,meta_spatial,meta_L_precuneus,run3,0.5474347489755206,0.5539611572380752,0.5506979531067979,0.5520045236294743,0.0013065705226763535
sub-11,meta_spatial,meta_L_precuneus,run4,0.6779174894494004,0.644242497124554,0.6610799932869772,0.6567255708653048,-0.004354422421672388
sub-12,meta_spatial,meta_L_precuneus,run3,0.7444812298582978,0.8409241288685867,0.7927026793634422,0.7977624964756246,0.0050598171121823965
sub-12,meta_spatial,meta_L_precuneus,run4,0.6678959542655638,0.6579251084506224,0.6629105313580931,0.6578156778277746,-0.005094853530318466
sub-13,meta_spatial,meta_L_precuneus,run3,0.7366836416472249,0.7434305036824753,0.7400570726648501,0.7408743043586792,0.0008172316938290791
sub-13,meta_spatial,meta_L_precuneus,run4,0.7352616284630127,0.6949557524855176,0.7151086904742652,0.7081340394000242,-0.006974651074241001
sub-14,meta_spatial,meta_L_precuneus,run3,0.6732662574409737,0.7277938893545843,0.7005300733977791,0.7054116480691958,0.0048815746714167
sub-14,meta_spatial,meta_L_precuneus,run4,0.7560912196029885,0.8228164140484912,0.7894538168257399,0.7887626741042728,-0.0006911427214670862
sub-15,meta_spatial,meta_L_precuneus,run3,0.5190648615665051,0.5641828711641573,0.5416238663653312,0.5407917086359402,-0.0008321577293910476
sub-15,meta_spatial,meta_L_precuneus,run4,0.6731234024863405,0.6463944816609284,0.6597589420736345,0.6483942218061716,-0.011364720267462936
sub-16,meta_spatial,meta_L_precuneus,run3,0.8438790308297905,0.8113047690377528,0.8275918999337717,0.8233673386042861,-0.0042245613294855655
sub-16,meta_spatial,meta_L_precuneus,run4,0.8792427416937727,0.9375253254323296,0.9083840335630511,0.9100604462023365,0.0016764126392854184
sub-17,meta_spatial,meta_L_precuneus,run3,0.6815192442992866,0.7461155179495002,0.7138173811243933,0.7053472844587165,-0.008470096665676774
sub-17,meta_spatial,meta_L_precuneus,run4,0.7782863969188227,0.7796806688509175,0.7789835328848701,0.7748237927028924,-0.0041597401819777335
sub-18,meta_spatial,meta_L_precuneus,run3,0.8805320067649992,0.8288709736086822,0.8547014901868407,0.8544823646541977,-0.00021912553264302748
sub-18,meta_spatial,meta_L_precuneus,run4,0.7681761478547027,0.7209020501116951,0.7445390989831988,0.7592653553013774,0.014726256318178588
sub-19,meta_spatial,meta_L_precuneus,run3,0.5377794105627209,0.5668352460461945,0.5523073283044577,0.5563692621076142,0.004061933803156448
sub-19,meta_spatial,meta_L_precuneus,run4,0.8462958720607817,0.8217356123998297,0.8340157422303057,0.8420102377711414,0.007994495540835644
sub-20,meta_spatial,meta_L_precuneus,run3,0.8300932647288256,0.7745554380601085,0.8023243513944671,0.8219814610292344,0.0196571096347673
sub-20,meta_spatial,meta_L_precuneus,run4,0.6745741976601107,0.6119481414434838,0.6432611695517972,0.6424801515470009,-0.0007810180047963522
sub-21,meta_spatial,meta_L_precuneus,run3,0.869522365450915,0.8918571463635703,0.8806897559072426,0.8648836851702492,-0.01580607073699347
sub-21,meta_spatial,meta_L_precuneus,run4,0.7944692038897327,0.7545748158158813,0.774522009852807,0.7744891431736075,-3.28666791994392e-05
sub-22,meta_spatial,meta_L_precuneus,run3,0.9262720602380389,0.9215462649418953,0.9239091625899671,0.9033624936449189,-0.020546668945048197
sub-22,meta_spatial,meta_L_precuneus,run4,0.8866524477456665,0.8668307563178514,0.876741602031759,0.8576438774681799,-0.019097724563579055
sub-23,meta_spatial,meta_L_precuneus,run3,0.7176432318944953,0.7814067602894929,0.7495249960919941,0.7518098047385241,0.0022848086465300232
sub-23,meta_spatial,meta_L_precuneus,run4,0.6892257757706088,0.8115759352954951,0.7504008555330519,0.7817289361883254,0.03132808065527348
sub-24,meta_spatial,meta_L_precuneus,run3,0.7751396290430639,0.8832082809908146,0.8291739550169392,0.8455320584182037,0.016358103401264423
sub-24,meta_spatial,meta_L_precuneus,run4,0.8530656983839846,0.9527553940157124,0.9029105461998486,0.904108769339048,0.0011982231391994835
sub-25,meta_spatial,meta_L_precuneus,run3,0.6512971478756004,0.5170543783179351,0.5841757630967678,0.581910786559759,-0.002264976537008745
sub-25,meta_spatial,meta_L_precuneus,run4,0.5203279360772901,0.6727008154062487,0.5965143757417695,0.6062179555088437,0.009703579767074255
sub-26,meta_spatial,meta_L_precuneus,run3,0.7556592054715463,0.7134909885309176,0.7345750970012319,0.7346661584191092,9.106141787729172e-05
sub-26,meta_spatial,meta_L_precuneus,run4,0.4466633698128602,0.4629884598142602,0.45482591481356016,0.4527789865421833,-0.002046928271376869
sub-27,meta_spatial,meta_L_precuneus,run3,0.9464922736637255,0.973027311089192,0.9597597923764587,0.9468278030560329,-0.01293198932042583
sub-27,meta_spatial,meta_L_precuneus,run4,0.9326528755019002,0.909856601746582,0.9212547386242411,0.939399314572173,0.01814457594793184
sub-28,meta_spatial,meta_L_precuneus,run3,0.719410488626885,0.6707345658886661,0.6950725272577756,0.6818219671483098,-0.013250560109465792
sub-28,meta_spatial,meta_L_precuneus,run4,0.6388564950982882,0.7195983846657718,0.6792274398820299,0.6761406981605532,-0.0030867417214767157
sub-01,meta_spatial,meta_R_PPA_PHG,run3,0.6089276574819533,0.6368906989804931,0.6229091782312233,0.6362177514622663,0.013308573231043064
sub-01,meta_spatial,meta_R_PPA_PHG,run4,0.6858264660690135,0.5885452985164388,0.6371858822927261,0.6332162391694005,-0.003969643123325595
sub-02,meta_spatial,meta_R_PPA_PHG,run3,0.4530289497991152,0.7241909249125297,0.5886099373558225,0.6094835153499782,0.02087357799415579
sub-02,meta_spatial,meta_R_PPA_PHG,run4,0.6574708364221742,0.6616421430960109,0.6595564897590925,0.6797996919521415,0.02024320219304898
sub-03,meta_spatial,meta_R_PPA_PHG,run3,0.6909515505903416,0.713773910066396,0.7023627303283688,0.7143776231159058,0.01201489278753698
sub-03,meta_spatial,meta_R_PPA_PHG,run4,0.7557102850950926,0.76301780100376,0.7593640430494264,0.748006923135676,-0.011357119913750435
sub-04,meta_spatial,meta_R_PPA_PHG,run3,0.7214759495956283,0.7553369378914236,0.738406443743526,0.732698781856153,-0.005707661887373039
sub-04,meta_spatial,meta_R_PPA_PHG,run4,0.8120237398452911,0.8716031004686959,0.8418134201569936,0.8625261946551952,0.020712774498201636
sub-05,meta_spatial,meta_R_PPA_PHG,run3,0.696657305396494,0.6835880770551137,0.6901226912258038,0.6901485073564856,2.5816130681755034e-05
sub-05,meta_spatial,meta_R_PPA_PHG,run4,0.8011172711793852,0.6357053283616417,0.7184112997705134,0.7239761519883826,0.005564852217869176
sub-06,meta_spatial,meta_R_PPA_PHG,run3,0.8624492608070768,0.7704559986709495,0.8164526297390131,0.833571905216776,0.01711927547776293
sub-06,meta_spatial,meta_R_PPA_PHG,run4,0.8711577541715404,0.8948897429139375,0.883023748542739,0.8830467087470862,2.2960204347222124e-05
sub-07,meta_spatial,meta_R_PPA_PHG,run3,0.5630409406277457,0.5836226470455212,0.5733317938366335,0.5739412409699415,0.0006094471333080165
sub-07,meta_spatial,meta_R_PPA_PHG,run4,0.7445856236034191,0.6755189402475372,0.7100522819254782,0.706512377787717,-0.003539904137761174
sub-08,meta_spatial,meta_R_PPA_PHG,run3,0.4549731970896616,0.4387630149688787,0.4468681060292702,0.4443189516026933,-0.002549154426576883
sub-08,meta_spatial,meta_R_PPA_PHG,run4,0.687712181670432,0.6845535962612062,0.6861328889658191,0.6826087840736992,-0.0035241048921199614
sub-09,meta_spatial,meta_R_PPA_PHG,run3,0.754797583293653,0.6342831471160063,0.6945403652048296,0.7091335430667745,0.014593177861944806
sub-09,meta_spatial,meta_R_PPA_PHG,run4,0.6592185475532852,0.677410765718489,0.6683146566358871,0.6763322973899478,0.00801764075406075
sub-10,meta_spatial,meta_R_PPA_PHG,run3,0.6142167562323235,0.7780825275160181,0.6961496418741708,0.7013357875613602,0.005186145687189336
sub-10,meta_spatial,meta_R_PPA_PHG,run4,0.8791150929836821,0.8535721059050974,0.8663435994443898,0.8694071818038148,0.0030635823594250544
sub-11,meta_spatial,meta_R_PPA_PHG,run3,0.5574116550938472,0.6059624292762735,0.5816870421850604,0.5777768624638944,-0.003910179721166029
sub-11,meta_spatial,meta_R_PPA_PHG,run4,0.6182143521323863,0.7014850025538655,0.6598496773431259,0.6620866851843735,0.0022370078412475847
sub-12,meta_spatial,meta_R_PPA_PHG,run3,0.7733382883434575,0.8897551861815667,0.831546737262512,0.8614074219201501,0.029860684657638026
sub-12,meta_spatial,meta_R_PPA_PHG,run4,0.6505031312625518,0.7301052028428148,0.6903041670526833,0.7175368308788264,0.02723266382614309
sub-13,meta_spatial,meta_R_PPA_PHG,run3,0.6885344937384851,0.4722714412845606,0.5804029675115229,0.5975476511327574,0.017144683621234558
sub-13,meta_spatial,meta_R_PPA_PHG,run4,0.7653210198846189,0.7350086641557119,0.7501648420201654,0.7617645365638033,0.01159969454363785
sub-14,meta_spatial,meta_R_PPA_PHG,run3,0.6371957573440601,0.7094553691775506,0.6733255632608053,0.6657322498492775,-0.007593313411527802
sub-14,meta_spatial,meta_R_PPA_PHG,run4,0.6652599693931688,0.7939614245933532,0.729610696993261,0.7324788381376532,0.0028681411443922666
sub-15,meta_spatial,meta_R_PPA_PHG,run3,0.3916434111345486,0.5100800048205104,0.4508617079775295,0.4611498538648505,0.01028814588732102
sub-15,meta_spatial,meta_R_PPA_PHG,run4,0.43541962394580663,0.3528303766012874,0.394125000273547,0.39443474585931876,0.00030974558577173683
sub-16,meta_spatial,meta_R_PPA_PHG,run3,0.8998690084945129,0.8469199308228097,0.8733944696586613,0.8713606052511086,-0.00203386440755271
sub-16,meta_spatial,meta_R_PPA_PHG,run4,0.9009235394357669,0.964264560174131,0.932594049804949,0.942689796516345,0.010095746711396014
sub-17,meta_spatial,meta_R_PPA_PHG,run3,0.7556231025214871,0.6577718200119819,0.7066974612667345,0.7237852025562094,0.017087741289474878
sub-17,meta_spatial,meta_R_PPA_PHG,run4,0.6092171354100363,0.6829109757125789,0.6460640555613075,0.6637593208982638,0.017695265336956312
sub-18,meta_spatial,meta_R_PPA_PHG,run3,0.952837270560066,0.7366241259634071,0.8447306982617365,0.8859306488159192,0.041199950554182685
sub-18,meta_spatial,meta_R_PPA_PHG,run4,0.7437528823823476,0.8932304906170189,0.8184916864996832,0.8324058801287185,0.013914193629035343
sub-19,meta_spatial,meta_R_PPA_PHG,run3,0.7032685158877552,0.7609690879387069,0.732118801913231,0.7309311476219383,-0.001187654291292639
sub-19,meta_spatial,meta_R_PPA_PHG,run4,0.8296604288537583,0.764652701630182,0.7971565652419701,0.802670384620399,0.005513819378428875
sub-20,meta_spatial,meta_R_PPA_PHG,run3,0.8232590588606616,0.880161168162225,0.8517101135114433,0.8641083968041212,0.012398283292677892
sub-20,meta_spatial,meta_R_PPA_PHG,run4,0.8071231817136435,0.8147708340744654,0.8109470078940544,0.8024779904283813,-0.008469017465673079
sub-21,meta_spatial,meta_R_PPA_PHG,run3,0.7587137638025901,0.7595459552284625,0.7591298595155263,0.752172085984659,-0.0069577735308672395
sub-21,meta_spatial,meta_R_PPA_PHG,run4,0.8992015437442805,0.8531387025998647,0.8761701231720727,0.8632090750538518,-0.012961048118220853
sub-22,meta_spatial,meta_R_PPA_PHG,run3,0.603859365144821,0.4624476679723405,0.5331535165585808,0.5436819699685488,0.010528453409967997
sub-22,meta_spatial,meta_R_PPA_PHG,run4,0.8061211031063384,0.8684731805813993,0.8372971418438688,0.8297361210857684,-0.00756102075810039
sub-23,meta_spatial,meta_R_PPA_PHG,run3,0.6242857076049723,0.7350517435061072,0.6796687255555398,0.6845697984311774,0.004901072875637569
sub-23,meta_spatial,meta_R_PPA_PHG,run4,0.8007583927773437,0.782767601141758,0.7917629969595509,0.8015949083437167,0.009831911384165837
sub-24,meta_spatial,meta_R_PPA_PHG,run3,0.6066530477223263,0.7279861440718846,0.6673195958971054,0.6797163491037445,0.012396753206639022
sub-24,meta_spatial,meta_R_PPA_PHG,run4,0.9278358283395122,0.9681261976654317,0.947981013002472,0.939994242655768,-0.00798677034670392
sub-25,meta_spatial,meta_R_PPA_PHG,run3,0.6908114046416016,0.7228923334339186,0.7068518690377601,0.7197118600600968,0.012859991022336703
sub-25,meta_spatial,meta_R_PPA_PHG,run4,0.33165928659131005,0.39415393902493834,0.3629066128081242,0.36762662766530363,0.004720014857179433
sub-26,meta_spatial,meta_R_PPA_PHG,run3,0.5643516410327328,0.45143765720280615,0.5078946491177695,0.5249755328999077,0.017080883782138234
sub-26,meta_spatial,meta_R_PPA_PHG,run4,0.6690759702304439,0.634399650135761,0.6517378101831024,0.7135135521962661,0.061775742013163715
sub-27,meta_spatial,meta_R_PPA_PHG,run3,0.9477922622656991,0.9613284332385101,0.9545603477521046,0.9483721972158523,-0.006188150536252324
sub-27,meta_spatial,meta_R_PPA_PHG,run4,0.9551206597851903,0.9532862741742092,0.9542034669796997,0.933675787339022,-0.0205276796406777
sub-28,meta_spatial,meta_R_PPA_PHG,run3,0.77062484012769,0.815296259373908,0.792960549750799,0.7890311801916059,-0.003929369559193097
sub-28,meta_spatial,meta_R_PPA_PHG,run4,0.5754182829458884,0.675921075636827,0.6256696792913576,0.6260391149139292,0.0003694356225715234
sub-01,meta_spatial,meta_R_PPC_SPL,run3,0.7773221196920934,0.8808186283469909,0.8290703740195422,0.8852190965350184,0.0561487225154762
sub-01,meta_spatial,meta_R_PPC_SPL,run4,0.6212782789132218,0.5063750810959604,0.5638266800045911,0.5637950551449616,-3.162485962948658e-05
sub-02,meta_spatial,meta_R_PPC_SPL,run3,0.7086714616114747,0.8488978907363343,0.7787846761739045,0.8053896885572065,0.02660501238330204
sub-02,meta_spatial,meta_R_PPC_SPL,run4,0.7092148187048049,0.727091184589512,0.7181530016471585,0.7472002151172825,0.029047213470124067
sub-03,meta_spatial,meta_R_PPC_SPL,run3,0.6525998717381737,0.6374703730467852,0.6450351223924795,0.6397726039590427,-0.005262518433436836
sub-03,meta_spatial,meta_R_PPC_SPL,run4,0.6306925253294798,0.6200709954174698,0.6253817603734748,0.6251361897889474,-0.00024557058452745473
sub-04,meta_spatial,meta_R_PPC_SPL,run3,0.8690897071845473,0.8880513239855855,0.8785705155850664,0.8696166155146526,-0.008953900070413745
sub-04,meta_spatial,meta_R_PPC_SPL,run4,0.8901155230561617,0.9285077725716512,0.9093116478139065,0.8961843892380742,-0.013127258575832301
sub-05,meta_spatial,meta_R_PPC_SPL,run3,0.8518306247688687,0.828278331508345,0.8400544781386068,0.8420161936582589,0.001961715519652074
sub-05,meta_spatial,meta_R_PPC_SPL,run4,0.9411933054744737,0.9237476830008914,0.9324704942376825,0.9496755019094083,0.017205007671725836
sub-06,meta_spatial,meta_R_PPC_SPL,run3,0.8130986443770276,0.75470720718415,0.7839029257805887,0.7998728602603681,0.015969934479779346
sub-06,meta_spatial,meta_R_PPC_SPL,run4,0.7182146389693304,0.6930374043630478,0.7056260216661892,0.7132787207881005,0.007652699121911355
sub-07,meta_spatial,meta_R_PPC_SPL,run3,0.5729234380788446,0.5376797388913723,0.5553015884851085,0.594635405172694,0.03933381668758551
sub-07,meta_spatial,meta_R_PPC_SPL,run4,0.8905891189816044,0.7961671309326375,0.843378124957121,0.8591200934566152,0.015741968499494274
sub-08,meta_spatial,meta_R_PPC_SPL,run3,0.7160004359391562,0.7372049788954674,0.7266027074173118,0.7128148159192301,-0.013787891498081684
sub-08,meta_spatial,meta_R_PPC_SPL,run4,0.91076813997415,0.9037344319789714,0.9072512859765607,0.901642677189667,-0.005608608786893732
sub-09,meta_spatial,meta_R_PPC_SPL,run3,0.8471456650010669,0.7643294191399004,0.8057375420704836,0.8032369127784155,-0.0025006292920681794
sub-09,meta_spatial,meta_R_PPC_SPL,run4,0.7395184635490153,0.776050080364286,0.7577842719566507,0.7947089821831844,0.03692471022653376
sub-10,meta_spatial,meta_R_PPC_SPL,run3,0.8879272500765536,0.942077568888245,0.9150024094823993,0.9120317711502196,-0.002970638332179698
sub-10,meta_spatial,meta_R_PPC_SPL,run4,0.8971999270050949,0.8431965217453393,0.8701982243752171,0.8766273628598272,0.006429138484610131
sub-11,meta_spatial,meta_R_PPC_SPL,run3,0.7472004989973029,0.7704325955682407,0.7588165472827718,0.7565155595550743,-0.00230098772769749
sub-11,meta_spatial,meta_R_PPC_SPL,run4,0.7108706431710675,0.70641005472634,0.7086403489487038,0.6959455542839356,-0.012694794664768194
sub-12,meta_spatial,meta_R_PPC_SPL,run3,0.8427903830495926,0.8220411852184037,0.8324157841339982,0.8533684770374894,0.02095269290349122
sub-12,meta_spatial,meta_R_PPC_SPL,run4,0.7405271660839906,0.8172202734991804,0.7788737197915855,0.775283651526371,-0.0035900682652144633
sub-13,meta_spatial,meta_R_PPC_SPL,run3,0.7912815092694436,0.7003847509956892,0.7458331301325665,0.7473839781026452,0.0015508479700787614
sub-13,meta_spatial,meta_R_PPC_SPL,run4,0.7489679328152292,0.7603287298719168,0.754648331343573,0.7528374954414299,-0.0018108359021431486
sub-14,meta_spatial,meta_R_PPC_SPL,run3,0.8603939576558789,0.8442208824511113,0.852307420053495,0.8464521570273262,-0.005855263026168789
sub-14,meta_spatial,meta_R_PPC_SPL,run4,0.7388309046554907,0.711505793383851,0.7251683490196709,0.7340481097577969,0.008879760738126019
sub-15,meta_spatial,meta_R_PPC_SPL,run3,0.4095979496904987,0.4873225416771262,0.44846024568381243,0.4444709302014756,-0.00398931548233683
sub-15,meta_spatial,meta_R_PPC_SPL,run4,0.6502053880102483,0.6180742152362698,0.6341398016232591,0.6259157299526347,-0.008224071670624444
sub-16,meta_spatial,meta_R_PPC_SPL,run3,0.9497115627023481,0.8030011907801428,0.8763563767412454,0.8987017638231154,0.02234538708186995
sub-16,meta_spatial,meta_R_PPC_SPL,run4,0.9250176059886835,0.9045161593345877,0.9147668826616356,0.9327438473374503,0.017976964675814666
sub-17,meta_spatial,meta_R_PPC_SPL,run3,0.7013050135970452,0.7663716640735405,0.7338383388352929,0.736262729941256,0.002424391105963042
sub-17,meta_spatial,meta_R_PPC_SPL,run4,0.7344811595866776,0.7747192701558895,0.7546002148712836,0.7564920868933583,0.0018918720220747476
sub-18,meta_spatial,meta_R_PPC_SPL,run3,0.8385125943792705,0.7680167334334278,0.8032646639063492,0.8051963266321476,0.0019316627257983665
sub-18,meta_spatial,meta_R_PPC_SPL,run4,0.8629719480295929,0.8618726203023178,0.8624222841659553,0.8859214909948442,0.02349920682888884
sub-19,meta_spatial,meta_R_PPC_SPL,run3,0.7666719829356312,0.7683225176499799,0.7674972502928056,0.7628368336359325,-0.004660416656873112
sub-19,meta_spatial,meta_R_PPC_SPL,run4,0.8073303948565335,0.8252010728899503,0.8162657338732419,0.8182340326342621,0.0019682987610202263
sub-20,meta_spatial,meta_R_PPC_SPL,run3,0.8051454086204759,0.8294582141390227,0.8173018113797492,0.8223193857923767,0.005017574412627512
sub-20,meta_spatial,meta_R_PPC_SPL,run4,0.7503580259395716,0.787222957152092,0.7687904915458318,0.7518760534312906,-0.016914438114541186
sub-21,meta_spatial,meta_R_PPC_SPL,run3,0.824058751406187,0.7935727250858258,0.8088157382460064,0.7972815089367232,-0.011534229309283162
sub-21,meta_spatial,meta_R_PPC_SPL,run4,0.8459866646447249,0.8302136882766747,0.8381001764606999,0.8340224868469327,-0.004077689613767199
sub-22,meta_spatial,meta_R_PPC_SPL,run3,0.6524767685865351,0.5773058711843098,0.6148913198854224,0.6107393765218957,-0.0041519433635267555
sub-22,meta_spatial,meta_R_PPC_SPL,run4,0.7812067979091072,0.7575506149346308,0.769378706421869,0.7551542041143039,-0.014224502307565112
sub-23,meta_spatial,meta_R_PPC_SPL,run3,0.8103027252210228,0.8207622461220069,0.8155324856715148,0.8056020005151895,-0.00993048515632533
sub-23,meta_spatial,meta_R_PPC_SPL,run4,0.729232037623262,0.8371089081320746,0.7831704728776683,0.7983064943572359,0.015136021479567607
sub-24,meta_spatial,meta_R_PPC_SPL,run3,0.8295340377699578,0.8569506934098333,0.8432423655898955,0.8398773042578098,-0.003365061332085695
sub-24,meta_spatial,meta_R_PPC_SPL,run4,0.9466891415037542,0.9725491216594312,0.9596191315815927,0.98015884994949,0.020539718367897253
sub-25,meta_spatial,meta_R_PPC_SPL,run3,0.8512627722306646,0.8613654622659096,0.8563141172482871,0.858077755286767,0.0017636380384798978
sub-25,meta_spatial,meta_R_PPC_SPL,run4,0.650197565268441,0.711540908958283,0.680869237113362,0.6880743991339686,0.007205162020606615
sub-26,meta_spatial,meta_R_PPC_SPL,run3,0.7246917855885973,0.6682982736314542,0.6964950296100257,0.6948643746041198,-0.0016306550059059788
sub-26,meta_spatial,meta_R_PPC_SPL,run4,0.7575995181119288,0.7490086168477493,0.753304067479839,0.7519625291598973,-0.0013415383199417708
sub-27,meta_spatial,meta_R_PPC_SPL,run3,0.9323645433474896,0.9801173702689732,0.9562409568082314,0.948122054415142,-0.008118902393089433
sub-27,meta_spatial,meta_R_PPC_SPL,run4,0.914270062211472,0.9286422464054804,0.9214561543084763,0.9152464677814444,-0.00620968652703191
sub-28,meta_spatial,meta_R_PPC_SPL,run3,0.7925551088540159,0.7812136578899446,0.7868843833719803,0.7749284962004783,-0.011955887171501978
sub-28,meta_spatial,meta_R_PPC_SPL,run4,0.6800164015784728,0.7657042156907676,0.7228603086346201,0.7215619981445348,-0.0012983104900853304
sub-01,meta_spatial,meta_R_RSC_PCC,run3,0.7812424994004503,0.8155640811599479,0.7984032902801992,0.8413537099255629,0.042950419645363724
sub-01,meta_spatial,meta_R_RSC_PCC,run4,0.7115776538782387,0.613553763762062,0.6625657088201504,0.6712472470176788,0.008681538197528371
sub-02,meta_spatial,meta_R_RSC_PCC,run3,0.8639999647032186,0.8653717107249436,0.8646858377140811,0.8497165390145969,-0.014969298699484268
sub-02,meta_spatial,meta_R_RSC_PCC,run4,0.7252587865839262,0.8237292293836244,0.7744940079837752,0.8323096529253916,0.057815644941616395
sub-03,meta_spatial,meta_R_RSC_PCC,run3,0.6529902223083465,0.5514455760501946,0.6022178991792706,0.6054808740806421,0.003262974901371507
sub-03,meta_spatial,meta_R_RSC_PCC,run4,0.7722823478139245,0.7148425490057905,0.7435624484098575,0.747425735544624,0.003863287134766469
sub-04,meta_spatial,meta_R_RSC_PCC,run3,0.7255941569878427,0.7776760452191648,0.7516351011035037,0.7368650593702112,-0.01477004173329255
sub-04,meta_spatial,meta_R_RSC_PCC,run4,0.832573034692457,0.9651989185109275,0.8988859766016923,0.9282413942412133,0.029355417639520986
sub-05,meta_spatial,meta_R_RSC_PCC,run3,0.7880644955612085,0.7700199719610912,0.7790422337611498,0.8107724970027078,0.03173026324155803
sub-05,meta_spatial,meta_R_RSC_PCC,run4,0.9071282980081259,0.8405676323177973,0.8738479651629616,0.8670242983791353,-0.006823666783826288
sub-06,meta_spatial,meta_R_RSC_PCC,run3,0.7826669495246342,0.8244064665616754,0.8035367080431548,0.8258658206855931,0.02232911264243831
sub-06,meta_spatial,meta_R_RSC_PCC,run4,0.7453608144044067,0.7964315750621602,0.7708961947332835,0.7679417213770093,-0.00295447335627419
sub-07,meta_spatial,meta_R_RSC_PCC,run3,0.48351286076891853,0.6110669259263061,0.5472898933476122,0.5494242759759571,0.0021343826283448664
sub-07,meta_spatial,meta_R_RSC_PCC,run4,0.7868733867703405,0.8057445001591925,0.7963089434647665,0.802862573032828,0.006553629568061492
sub-08,meta_spatial,meta_R_RSC_PCC,run3,0.6581292821835779,0.7034499689850163,0.6807896255842971,0.6755168307844821,-0.005272794799815017
sub-08,meta_spatial,meta_R_RSC_PCC,run4,0.8529120159740662,0.8362333253629395,0.8445726706685028,0.8335743045692148,-0.01099836609928806
sub-09,meta_spatial,meta_R_RSC_PCC,run3,0.8652185279768352,0.845802891580268,0.8555107097785516,0.8639359749193811,0.00842526514082953
sub-09,meta_spatial,meta_R_RSC_PCC,run4,0.811350014501308,0.8109075250042177,0.8111287697527628,0.8054889917742523,-0.005639777978510563
sub-10,meta_spatial,meta_R_RSC_PCC,run3,0.6608945993093703,0.7827478899676457,0.7218212446385079,0.722602894504033,0.0007816498655250914
sub-10,meta_spatial,meta_R_RSC_PCC,run4,0.8039946000548621,0.8943443927946241,0.8491694964247432,0.8459758518863009,-0.0031936445384422862
sub-11,meta_spatial,meta_R_RSC_PCC,run3,0.5691693603874014,0.7522103766112,0.6606898684993008,0.7107334927188989,0.05004362421959807
sub-11,meta_spatial,meta_R_RSC_PCC,run4,0.6230717578643079,0.638355953640223,0.6307138557522655,0.6288686479088966,-0.0018452078433688346
sub-12,meta_spatial,meta_R_RSC_PCC,run3,0.7820361830492326,0.7008837062498413,0.7414599446495369,0.7566302134641495,0.015170268814612586
sub-12,meta_spatial,meta_R_RSC_PCC,run4,0.6706347952737676,0.568249412518102,0.6194421038959348,0.6440564135007614,0.02461430960482658
sub-13,meta_spatial,meta_R_RSC_PCC,run3,0.8356960990277896,0.8269953724840586,0.8313457357559242,0.8769814985751587,0.04563576281923454
sub-13,meta_spatial,meta_R_RSC_PCC,run4,0.8426878799470192,0.8875193347152942,0.8651036073311567,0.8567929533152658,-0.008310654015890817
sub-14,meta_spatial,meta_R_RSC_PCC,run3,0.3631558001647709,0.5727032348492096,0.46792951750699024,0.47831555045434915,0.010386032947358903
sub-14,meta_spatial,meta_R_RSC_PCC,run4,0.8180813946166097,0.8648690839645313,0.8414752392905704,0.8327124725662509,-0.008762766724319526
sub-15,meta_spatial,meta_R_RSC_PCC,run3,0.5387958447835831,0.7039377624885086,0.6213668036360458,0.6366245980560901,0.015257794420044268
sub-15,meta_spatial,meta_R_RSC_PCC,run4,0.8360167006892049,0.7998075722243251,0.817912136456765,0.8149421305743645,-0.002970005882400484
sub-16,meta_spatial,meta_R_RSC_PCC,run3,0.8704531341652604,0.9303029318734721,0.9003780330193663,0.8902977036863805,-0.010080329332985749
sub-16,meta_spatial,meta_R_RSC_PCC,run4,0.900651182182131,0.9342502844191994,0.9174507333006652,0.9388912711368606,0.021440537836195372
sub-17,meta_spatial,meta_R_RSC_PCC,run3,0.7231910549068793,0.7452495507462628,0.734220302826571,0.7342545227417817,3.421991521068701e-05
sub-17,meta_spatial,meta_R_RSC_PCC,run4,0.836704533510264,0.8652628783511417,0.8509837059307028,0.8572128562800965,0.006229150349393642
sub-18,meta_spatial,meta_R_RSC_PCC,run3,0.9333970930417801,0.8338191807316273,0.8836081368867037,0.892618869412523,0.009010732525819298
sub-18,meta_spatial,meta_R_RSC_PCC,run4,0.6940979706870635,0.8067719751119825,0.750434972899523,0.7965823489095926,0.046147376010069574
sub-19,meta_spatial,meta_R_RSC_PCC,run3,0.5427138148080141,0.6065379238104045,0.5746258693092092,0.5868568809469551,0.01223101163774587
sub-19,meta_spatial,meta_R_RSC_PCC,run4,0.8015730258538085,0.7923600531673378,0.7969665395105732,0.792995627116403,-0.003970912394170134
sub-20,meta_spatial,meta_R_RSC_PCC,run3,0.4257972464331196,0.6164641911861539,0.5211307188096368,0.524900848876517,0.0037701300668802062
sub-20,meta_spatial,meta_R_RSC_PCC,run4,0.7922831412796066,0.8250385537635287,0.8086608475215677,0.8069210271038627,-0.0017398204177050403
sub-21,meta_spatial,meta_R_RSC_PCC,run3,0.7867934922530307,0.7966865180784773,0.791740005165754,0.7894651244185332,-0.00227488074722082
sub-21,meta_spatial,meta_R_RSC_PCC,run4,0.9242144186593004,0.8909887124634841,0.9076015655613923,0.9071292876599273,-0.00047227790146497917
sub-22,meta_spatial,meta_R_RSC_PCC,run3,0.5620078543071019,0.6941441520307841,0.628076003168943,0.632385499750116,0.004309496581173078
sub-22,meta_spatial,meta_R_RSC_PCC,run4,0.8656610870253066,0.8696184788789437,0.8676397829521252,0.8536618746911547,-0.01397790826097045
sub-23,meta_spatial,meta_R_RSC_PCC,run3,0.6708245469020406,0.745759773042132,0.7082921599720864,0.7299205589640443,0.021628398991957898
sub-23,meta_spatial,meta_R_RSC_PCC,run4,0.8177830045592528,0.8667710226842169,0.8422770136217348,0.8646624970078112,0.022385483386076377
sub-24,meta_spatial,meta_R_RSC_PCC,run3,0.6565798692683867,0.8025615753077499,0.7295707222880683,0.7334827551567483,0.0039120328686800265
sub-24,meta_spatial,meta_R_RSC_PCC,run4,0.9869436207725434,0.9861996282750859,0.9865716245238146,0.9753197460624918,-0.011251878461322806
sub-25,meta_spatial,meta_R_RSC_PCC,run3,0.7070107932387845,0.6738895097052393,0.6904501514720118,0.7696886466361883,0.07923849516417647
sub-25,meta_spatial,meta_R_RSC_PCC,run4,0.4736664776019014,0.5096376490625194,0.4916520633322104,0.5247477141900495,0.03309565085783911
sub-26,meta_spatial,meta_R_RSC_PCC,run3,0.4615203198813379,0.4957667544728264,0.4786435371770822,0.505869609900315,0.027226072723232853
sub-26,meta_spatial,meta_R_RSC_PCC,run4,0.5940137784430986,0.4815001377002572,0.5377569580716779,0.565388940129837,0.027631982058159088
sub-27,meta_spatial,meta_R_RSC_PCC,run3,0.9665465767041129,1.0003374888639562,0.9834420327840345,0.9753858770824486,-0.00805615570158591
sub-27,meta_spatial,meta_R_RSC_PCC,run4,0.9255150444447774,0.932576045927769,0.9290455451862731,0.912695500559546,-0.016350044626727178
sub-28,meta_spatial,meta_R_RSC_PCC,run3,0.7700789836117834,0.6989692346201124,0.7345241091159479,0.7237097175726003,-0.010814391543347623
sub-28,meta_spatial,meta_R_RSC_PCC,run4,0.6062121096628886,0.8061919120198705,0.7062020108413796,0.7165049174114333,0.010302906570053727
sub-01,meta_spatial,meta_R_hippocampus,run3,0.7587490334998096,0.8181696612614028,0.7884593473806062,0.7941540317145528,0.005694684333946598
sub-01,meta_spatial,meta_R_hippocampus,run4,0.7465914938569137,0.6364106451307202,0.691501069493817,0.6896633685914654,-0.00183770090235158
sub-02,meta_spatial,meta_R_hippocampus,run3,0.7722011260807183,0.7762471952872273,0.7742241606839728,0.7708651178006639,-0.0033590428833089048
sub-02,meta_spatial,meta_R_hippocampus,run4,0.5436361188892117,0.6022968976051993,0.5729665082472055,0.5730853370656782,0.00011882881847269378
sub-03,meta_spatial,meta_R_hippocampus,run3,0.7588519173500574,0.7410535747062287,0.749952746028143,0.7650486665168977,0.015095920488754744
sub-03,meta_spatial,meta_R_hippocampus,run4,0.7382711041931591,0.7084222072166377,0.7233466557048984,0.7196780278821785,-0.0036686278227199276
sub-04,meta_spatial,meta_R_hippocampus,run3,0.9260668803663064,0.9148128770586146,0.9204398787124605,0.9190755857908626,-0.0013642929215978983
sub-04,meta_spatial,meta_R_hippocampus,run4,0.8377426668623573,0.7436421763488372,0.7906924216055973,0.8049788917924362,0.014286470186838929
sub-05,meta_spatial,meta_R_hippocampus,run3,0.749743572461176,0.8030210250197658,0.7763822987404709,0.8090524266150207,0.032670127874549815
sub-05,meta_spatial,meta_R_hippocampus,run4,0.9487816679752329,0.8765461609669589,0.912663914471096,0.9188487089483421,0.0061847944772461805
sub-06,meta_spatial,meta_R_hippocampus,run3,0.8866156048135267,0.8708630026051639,0.8787393037093454,0.8824560657067065,0.003716761997361151
sub-06,meta_spatial,meta_R_hippocampus,run4,0.7733436553105382,0.7835380837332389,0.7784408695218885,0.7904445639288739,0.012003694406985344
sub-07,meta_spatial,meta_R_hippocampus,run3,0.861534320212519,0.7979824592838467,0.8297583897481828,0.8366106498760997,0.006852260127916843
sub-07,meta_spatial,meta_R_hippocampus,run4,0.8768951592317279,0.8665701251454827,0.8717326421886054,0.8647350830910904,-0.006997559097514983
sub-08,meta_spatial,meta_R_hippocampus,run3,0.5013458166650945,0.634196279267343,0.5677710479662188,0.5695690996549622,0.0017980516887433629
sub-08,meta_spatial,meta_R_hippocampus,run4,0.8838888589505312,0.7894453245548997,0.8366670917527155,0.8408199381256283,0.0041528463729127996
sub-09,meta_spatial,meta_R_hippocampus,run3,0.8472429604600714,0.7733210573534558,0.8102820089067636,0.8211207882336394,0.010838779326875825
sub-09,meta_spatial,meta_R_hippocampus,run4,0.7194290995171604,0.7712614105056331,0.7453452550113968,0.747030880227752,0.00168562521635518
sub-10,meta_spatial,meta_R_hippocampus,run3,0.7830495920911499,0.8404155292416482,0.811732560666399,0.8082392154255766,-0.003493345240822343
sub-10,meta_spatial,meta_R_hippocampus,run4,0.8168177664264938,0.8396186703045877,0.8282182183655408,0.8178593438169037,-0.010358874548637043
sub-11,meta_spatial,meta_R_hippocampus,run3,0.7986660404591849,0.8284543938448864,0.8135602171520356,0.8129806090507653,-0.0005796081012703347
sub-11,meta_spatial,meta_R_hippocampus,run4,0.5923302892348508,0.5774279956584443,0.5848791424466475,0.5786041807792716,-0.006274961667375956
sub-12,meta_spatial,meta_R_hippocampus,run3,0.8523909291209831,0.8522123126477325,0.8523016208843578,0.8513986820359858,-0.0009029388483720036
sub-12,meta_spatial,meta_R_hippocampus,run4,0.8223319791121281,0.8480361010379266,0.8351840400750273,0.8502253849331505,0.01504134485812314
sub-13,meta_spatial,meta_R_hippocampus,run3,0.78585804521732,0.7609669376567961,0.773412491437058,0.7655817527928952,-0.007830738644162838
sub-13,meta_spatial,meta_R_hippocampus,run4,0.8794126541014288,0.8006509382314153,0.8400317961664221,0.8456155970417986,0.005583800875376466
sub-14,meta_spatial,meta_R_hippocampus,run3,0.8444155069591492,0.8148784996133309,0.8296470032862401,0.8225359490298979,-0.007111054256342175
sub-14,meta_spatial,meta_R_hippocampus,run4,0.7849551607149686,0.8610960233431996,0.8230255920290841,0.8228003676500316,-0.00022522437905247994
sub-15,meta_spatial,meta_R_hippocampus,run3,0.6035183991985219,0.6588365215013041,0.631177460349913,0.6271722463367175,-0.004005214013195424
sub-15,meta_spatial,meta_R_hippocampus,run4,0.7816527632394954,0.7982288485970853,0.7899408059182904,0.7811569095015714,-0.008783896416719061
sub-16,meta_spatial,meta_R_hippocampus,run3,0.8828413457382829,0.8649471190833453,0.8738942324108141,0.8609834860409282,-0.012910746369885873
sub-16,meta_spatial,meta_R_hippocampus,run4,0.9093061666158411,0.9219247709992201,0.9156154688075306,0.9339764429327038,0.018360974125173124
sub-17,meta_spatial,meta_R_hippocampus,run3,0.819146798275687,0.819565541527474,0.8193561699015806,0.8083056725840435,-0.011050497317537045
sub-17,meta_spatial,meta_R_hippocampus,run4,0.757138864459156,0.7930172231705019,0.775078043814829,0.7756834928887844,0.000605449073955322
sub-18,meta_spatial,meta_R_hippocampus,run3,0.894800340369265,0.8178234812743546,0.8563119108218098,0.8502157688605205,-0.00609614196128927
sub-18,meta_spatial,meta_R_hippocampus,run4,0.8138617798404265,0.8418085934868894,0.827835186663658,0.8349466830183152,0.007111496354657243
sub-19,meta_spatial,meta_R_hippocampus,run3,0.7712675443384598,0.7305214722282612,0.7508945082833605,0.744591376861501,-0.006303131421859454
sub-19,meta_spatial,meta_R_hippocampus,run4,0.8851895614035897,0.8503854893443106,0.8677875253739502,0.8572905757053494,-0.010496949668600819
sub-20,meta_spatial,meta_R_hippocampus,run3,0.6837570320954928,0.7595591235991019,0.7216580778472974,0.7178078826221415,-0.00385019522515595
sub-20,meta_spatial,meta_R_hippocampus,run4,0.8529165305590145,0.885901033026821,0.8694087817929177,0.8652581316640027,-0.004150650128915023
sub-21,meta_spatial,meta_R_hippocampus,run3,0.8380858900151372,0.8158241828742464,0.8269550364446918,0.8111453920608153,-0.015809644383876553
sub-21,meta_spatial,meta_R_hippocampus,run4,0.6785169250946413,0.7285226914872123,0.7035198082909269,0.6955128739116282,-0.00800693437929867
sub-22,meta_spatial,meta_R_hippocampus,run3,0.675334246728363,0.6390014493912524,0.6571678480598077,0.6530511181641737,-0.0041167298956339415
sub-22,meta_spatial,meta_R_hippocampus,run4,0.8111113677785173,0.795172068260912,0.8031417180197147,0.7950978784719538,-0.00804383954776089
sub-23,meta_spatial,meta_R_hippocampus,run3,0.7972556687114999,0.8319891768887467,0.8146224228001233,0.8207911127324089,0.006168689932285587
sub-23,meta_spatial,meta_R_hippocampus,run4,0.8081373815747142,0.8831017693810469,0.8456195754778806,0.8363297000537516,-0.009289875424128957
sub-24,meta_spatial,meta_R_hippocampus,run3,0.6318069593931382,0.7616717792847982,0.6967393693389683,0.698261725291611,0.0015223559526427177
sub-24,meta_spatial,meta_R_hippocampus,run4,0.9788368023680669,0.9748451839088292,0.9768409931384481,0.9694615221900859,-0.007379470948362221
sub-25,meta_spatial,meta_R_hippocampus,run3,0.6594817610261767,0.5839546704834625,0.6217182157548196,0.6249034779674425,0.0031852622126229413
sub-25,meta_spatial,meta_R_hippocampus,run4,0.5769002296898177,0.6627453216804247,0.6198227756851211,0.6355028358972797,0.01568006021215862
sub-26,meta_spatial,meta_R_hippocampus,run3,0.811917525769381,0.745551985104928,0.7787347554371545,0.7789927021779404,0.00025794674078583046
sub-26,meta_spatial,meta_R_hippocampus,run4,0.695349878176241,0.6742689195049562,0.6848093988405985,0.6797274775068596,-0.00508192133373897
sub-27,meta_spatial,meta_R_hippocampus,run3,0.9321871742619373,0.9296099218452999,0.9308985480536186,0.9259641165038868,-0.0049344315497318325
sub-27,meta_spatial,meta_R_hippocampus,run4,0.9118397467840363,0.89210688679294,0.9019733167884882,0.8905989045777072,-0.01137441221078106
sub-28,meta_spatial,meta_R_hippocampus,run3,0.8157518271179366,0.8570921181380939,0.8364219726280153,0.8386632619464588,0.0022412893184434735
sub-28,meta_spatial,meta_R_hippocampus,run4,0.7835138967258445,0.8229822384438411,0.8032480675848428,0.8017609293268865,-0.001487138257956322
sub-01,meta_spatial,meta_R_precuneus,run3,0.6966829182281215,0.7117542427563877,0.7042185804922545,0.709394888362629,0.005176307870374486
sub-01,meta_spatial,meta_R_precuneus,run4,0.6946372882083337,0.7389216370215583,0.716779462614946,0.7094434167636919,-0.007336045851254025
sub-02,meta_spatial,meta_R_precuneus,run3,0.756524724411783,0.8849592777024413,0.8207420010571121,0.8575821668315964,0.036840165774484235
sub-02,meta_spatial,meta_R_precuneus,run4,0.7099567137039352,0.7563638126003304,0.7331602631521328,0.72791701546482,-0.005243247687312769
sub-03,meta_spatial,meta_R_precuneus,run3,0.7020937332873096,0.7643392215455631,0.7332164774164364,0.7512941517342359,0.018077674317799497
sub-03,meta_spatial,meta_R_precuneus,run4,0.7215888517589312,0.731936487125429,0.72676266944218,0.7311391046696377,0.004376435227457676
sub-04,meta_spatial,meta_R_precuneus,run3,0.878090078886088,0.8923145795486176,0.8852023292173528,0.8745603368824447,-0.010641992334908035
sub-04,meta_spatial,meta_R_precuneus,run4,0.788987105226707,0.8359877833054483,0.8124874442660777,0.8111946019832136,-0.0012928422828640818
sub-05,meta_spatial,meta_R_precuneus,run3,0.7167412554500945,0.7242030077024301,0.7204721315762623,0.7207368862217761,0.00026475464551378725
sub-05,meta_spatial,meta_R_precuneus,run4,0.8601250439479925,0.8201529013896223,0.8401389726688073,0.8384198076272583,-0.001719165041549009
sub-06,meta_spatial,meta_R_precuneus,run3,0.6996331810717213,0.6848804841938831,0.6922568326328022,0.6854229550347354,-0.006833877598066862
sub-06,meta_spatial,meta_R_precuneus,run4,0.7024120425990579,0.6136244148594386,0.6580182287292482,0.6728421197052845,0.014823890976036314
sub-07,meta_spatial,meta_R_precuneus,run3,0.4617858305043568,0.5406632666297833,0.50122454856707,0.5382209394597555,0.03699639089268547
sub-07,meta_spatial,meta_R_precuneus,run4,0.7723269710008175,0.7388655747453214,0.7555962728730694,0.7764904130651731,0.020894140192103672
sub-08,meta_spatial,meta_R_precuneus,run3,0.655687965220503,0.5992619791772348,0.6274749721988688,0.6367077745209914,0.009232802322122535
sub-08,meta_spatial,meta_R_precuneus,run4,0.8020449672758465,0.8192416336020499,0.8106433004389482,0.8077415623058939,-0.002901738133054277
sub-09,meta_spatial,meta_R_precuneus,run3,0.6310112838459588,0.6653051555492805,0.6481582196976197,0.6416548058316717,-0.006503413865947993
sub-09,meta_spatial,meta_R_precuneus,run4,0.6845283148705562,0.6893018205896473,0.6869150677301017,0.6801232253576887,-0.006791842372413037
sub-10,meta_spatial,meta_R_precuneus,run3,0.7997689752671914,0.813574208753461,0.8066715920103262,0.8051395555563859,-0.0015320364539402886
sub-10,meta_spatial,meta_R_precuneus,run4,0.7470119860037743,0.7863173176658075,0.7666646518347908,0.7688604795900557,0.002195827755264834
sub-11,meta_spatial,meta_R_precuneus,run3,0.2676498112000765,0.33297168498685364,0.3003107480934651,0.30241968960072685,0.0021089415072617634
sub-11,meta_spatial,meta_R_precuneus,run4,0.5382104505002532,0.507424428681347,0.5228174395908001,0.5193232846365539,-0.003494154954246209
sub-12,meta_spatial,meta_R_precuneus,run3,0.6539086441794998,0.6102472326467736,0.6320779384131368,0.6405742745870775,0.008496336173940744
sub-12,meta_spatial,meta_R_precuneus,run4,0.7877536210487057,0.7200588958995796,0.7539062584741427,0.7502021808952506,-0.0037040775788921287
sub-13,meta_spatial,meta_R_precuneus,run3,0.6917650419033939,0.6954343616347066,0.6935997017690503,0.6988496281878063,0.00524992641875599
sub-13,meta_spatial,meta_R_precuneus,run4,0.7305947384679242,0.6894998149277085,0.7100472766978163,0.7095647263476005,-0.0004825503502158268
sub-14,meta_spatial,meta_R_precuneus,run3,0.3612916256398753,0.4077435846597727,0.384517605149824,0.37654340495179967,-0.007974200198024362
sub-14,meta_spatial,meta_R_precuneus,run4,0.854810373797847,0.888845172273809,0.8718277730358279,0.9152474778331118,0.04341970479728385
sub-15,meta_spatial,meta_R_precuneus,run3,0.5781409750729336,0.6432406618320623,0.610690818452498,0.6037184846538882,-0.006972333798609731
sub-15,meta_spatial,meta_R_precuneus,run4,0.7137352279324142,0.7440160106957597,0.728875619314087,0.7290101736960435,0.0001345543819565309
sub-16,meta_spatial,meta_R_precuneus,run3,0.9325822348454746,0.8736412423656087,0.9031117386055416,0.894241589168632,-0.008870149436909669
sub-16,meta_spatial,meta_R_precuneus,run4,0.9306100903431307,0.9512403079458264,0.9409251991444785,0.9422854588360756,0.0013602596915971432
sub-17,meta_spatial,meta_R_precuneus,run3,0.6272010541588736,0.7212494423610967,0.6742252482599851,0.6724969257270995,-0.0017283225328855734
sub-17,meta_spatial,meta_R_precuneus,run4,0.7202185784356178,0.7565042102539064,0.738361394344762,0.7461025500483786,0.0077411557036165535
sub-18,meta_spatial,meta_R_precuneus,run3,0.792310900336566,0.7880538354266898,0.790182367881628,0.7957565501485347,0.0055741822669067576
sub-18,meta_spatial,meta_R_precuneus,run4,0.7654299237830854,0.8049259458126656,0.7851779347978756,0.8052613463562492,0.020083411558373676
sub-19,meta_spatial,meta_R_precuneus,run3,0.7323523193705569,0.6891045307372432,0.7107284250539001,0.7365732817710283,0.025844856717128217
sub-19,meta_spatial,meta_R_precuneus,run4,0.7552996717491043,0.6927016135221473,0.7240006426356258,0.7353415733785021,0.011340930742876343
sub-20,meta_spatial,meta_R_precuneus,run3,0.5796201533526241,0.5822212048005023,0.5809206790765632,0.5808454508407326,-7.522823583061555e-05
sub-20,meta_spatial,meta_R_precuneus,run4,0.6374861097795744,0.6223528314396058,0.6299194706095901,0.6280183780503582,-0.0019010925592318761
sub-21,meta_spatial,meta_R_precuneus,run3,0.767536989789232,0.7778714900834656,0.7727042399363488,0.7702928246897242,-0.002411415246624693
sub-21,meta_spatial,meta_R_precuneus,run4,0.8200113724743072,0.6697334797482556,0.7448724261112813,0.7631570236486525,0.018284597537371106
sub-22,meta_spatial,meta_R_precuneus,run3,0.556875141465669,0.516032514862236,0.5364538281639525,0.5304826403202871,-0.005971187843665349
sub-22,meta_spatial,meta_R_precuneus,run4,0.8028333140117956,0.7617839718490047,0.7823086429304001,0.7739130988204349,-0.008395544109965236
sub-23,meta_spatial,meta_R_precuneus,run3,0.7195909924781397,0.756695095988263,0.7381430442332013,0.7310356788257397,-0.007107365407461597
sub-23,meta_spatial,meta_R_precuneus,run4,0.90728628729243,0.8817192769240005,0.8945027821082152,0.936709216637692,0.04220643452947681
sub-24,meta_spatial,meta_R_precuneus,run3,0.8432656823202567,0.8563402416774896,0.8498029619988732,0.8631292997616333,0.013326337762760154
sub-24,meta_spatial,meta_R_precuneus,run4,0.9710412991729187,0.9202813677623621,0.9456613334676405,0.9469289313449527,0.001267597877312232
sub-25,meta_spatial,meta_R_precuneus,run3,0.7612558864266158,0.7106013111509765,0.7359285987887961,0.7358107509692831,-0.00011784781951307277
sub-25,meta_spatial,meta_R_precuneus,run4,0.5123194120609392,0.5200710880089209,0.51619525003493,0.5177790423156748,0.001583792280744789
sub-26,meta_spatial,meta_R_precuneus,run3,0.7668528275384292,0.7747042682534195,0.7707785478959244,0.7647681016785837,-0.006010446217340704
sub-26,meta_spatial,meta_R_precuneus,run4,0.533053613995418,0.5486619534802123,0.5408577837378151,0.5446086004821592,0.0037508167443440765
sub-27,meta_spatial,meta_R_precuneus,run3,0.9278426349455576,0.9654788636352449,0.9466607492904013,0.9300132704415699,-0.016647478848831443
sub-27,meta_spatial,meta_R_precuneus,run4,0.8772126121971316,0.8548553924937784,0.866034002345455,0.8649381012685357,-0.00109590107691937
sub-28,meta_spatial,meta_R_precuneus,run3,0.8812947963465277,0.8162141044315238,0.8487544503890257,0.8395406934355505,-0.00921375695347526
sub-28,meta_spatial,meta_R_precuneus,run4,0.5654056581236261,0.7129545413106755,0.6391800997171508,0.6369411192347045,-0.0022389804824463067
