subject	roi_set	roi	phase	within_yy	within_kj	within	between	between_minus_within
sub-01	meta_metaphor	meta_L_AG	pre	0.9059804690735568	0.9473126136154629	0.9266465413445099	0.9241261498907395	-0.0025203914537703653
sub-01	meta_metaphor	meta_L_AG	post	0.9323053739466286	0.9527196653187715	0.9425125196327	0.9428926693137865	0.0003801496810864613
sub-01	meta_metaphor	meta_L_AG	retrieval	0.6868710286502822	0.7640481892715617	0.725459608960922	0.7220555591415224	-0.0034040498193995683
sub-02	meta_metaphor	meta_L_AG	pre	0.917065633003556	0.8993376738277428	0.9082016534156494	0.9160728616809267	0.007871208265277319
sub-02	meta_metaphor	meta_L_AG	post	0.8706231809636185	0.845307479216657	0.8579653300901378	0.8505708221163724	-0.007394507973765396
sub-02	meta_metaphor	meta_L_AG	retrieval	0.684510709187972	0.7852052321761089	0.7348579706820404	0.7387956366898155	0.00393766600777512
sub-03	meta_metaphor	meta_L_AG	pre	0.7748239259129645	0.8235696729852946	0.7991967994491296	0.7981536103809782	-0.0010431890681513734
sub-03	meta_metaphor	meta_L_AG	post	0.754843167425219	0.8408293874820941	0.7978362774536565	0.7953756225524166	-0.0024606549012399226
sub-03	meta_metaphor	meta_L_AG	retrieval	0.6748253956047474	0.7157935277153298	0.6953094616600386	0.6992303702150612	0.003920908555022584
sub-04	meta_metaphor	meta_L_AG	pre	0.8226122565128111	0.8170658247605727	0.8198390406366919	0.8151019755428481	-0.004737065093843751
sub-04	meta_metaphor	meta_L_AG	post	0.9573485931488583	0.9689133026848546	0.9631309479168565	0.9601277175657854	-0.0030032303510710845
sub-04	meta_metaphor	meta_L_AG	retrieval	0.7984920830075399	0.7289372255918231	0.7637146542996816	0.7603116196940646	-0.0034030346056169725
sub-05	meta_metaphor	meta_L_AG	pre	0.9286831305830695	0.907589731027508	0.9181364308052887	0.9098044500918496	-0.008331980713439102
sub-05	meta_metaphor	meta_L_AG	post	0.8645136503914503	0.8721867889475325	0.8683502196694914	0.8616514850377607	-0.006698734631730763
sub-05	meta_metaphor	meta_L_AG	retrieval	0.8596682670109804	0.8168394333165016	0.838253850163741	0.8418906921969765	0.0036368420332355544
sub-06	meta_metaphor	meta_L_AG	pre	0.8326900340103713	0.869103873488881	0.8508969537496262	0.8487696349274546	-0.0021273188221715422
sub-06	meta_metaphor	meta_L_AG	post	0.9148504518921922	0.8603090571731	0.887579754532646	0.886197289499085	-0.0013824650335609867
sub-06	meta_metaphor	meta_L_AG	retrieval	0.6661732355456731	0.6638439121292157	0.6650085738374444	0.659340186432446	-0.005668387404998421
sub-07	meta_metaphor	meta_L_AG	pre	0.8414880570535309	0.8686227405177902	0.8550553987856606	0.849775520068743	-0.0052798787169175965
sub-07	meta_metaphor	meta_L_AG	post	0.7291870978498669	0.7411131770967292	0.735150137473298	0.7308996679784256	-0.0042504694948724
sub-07	meta_metaphor	meta_L_AG	retrieval	0.5245488897214967	0.5694477706197566	0.5469983301706267	0.5551289617212425	0.008130631550615774
sub-08	meta_metaphor	meta_L_AG	pre	0.9761737466486647	0.9734591342868053	0.9748164404677351	0.9680908048132091	-0.0067256356545259965
sub-08	meta_metaphor	meta_L_AG	post	0.8883544584203885	0.839641266863584	0.8639978626419862	0.8623856334094898	-0.001612229232496376
sub-08	meta_metaphor	meta_L_AG	retrieval	0.8241007748253948	0.8289739649605237	0.8265373698929592	0.8259300961963741	-0.0006072736965850867
sub-09	meta_metaphor	meta_L_AG	pre	0.9458937523239219	0.9267724773326135	0.9363331148282676	0.9348546352846416	-0.00147847954362601
sub-09	meta_metaphor	meta_L_AG	post	0.9109113849259411	0.9289924801871509	0.919951932556546	0.9141911941459339	-0.005760738410612087
sub-09	meta_metaphor	meta_L_AG	retrieval	0.6683229064500128	0.6918233628576651	0.6800731346538389	0.6802321534770478	0.0001590188232089007
sub-10	meta_metaphor	meta_L_AG	pre	0.9439923219572128	0.889949365036311	0.9169708434967618	0.9126935069974431	-0.004277336499318718
sub-10	meta_metaphor	meta_L_AG	post	0.933001995002566	0.8315676916978916	0.8822848433502288	0.8874399700608514	0.005155126710622571
sub-10	meta_metaphor	meta_L_AG	retrieval	0.8025885763956554	0.6842617844886278	0.7434251804421417	0.7472797444783962	0.003854564036254504
sub-11	meta_metaphor	meta_L_AG	pre	0.859748600679955	0.8758268493193406	0.8677877249996477	0.8647006171607895	-0.0030871078388582385
sub-11	meta_metaphor	meta_L_AG	post	0.9284912286624252	0.9307623053081027	0.9296267669852639	0.9279407113806406	-0.0016860556046233155
sub-11	meta_metaphor	meta_L_AG	retrieval	0.7397534626037308	0.710872992454222	0.7253132275289764	0.7245426373851002	-0.0007705901438762597
sub-12	meta_metaphor	meta_L_AG	pre	0.8690469248813661	0.8425617781159039	0.8558043514986351	0.8539053450594117	-0.0018990064392233608
sub-12	meta_metaphor	meta_L_AG	post	0.9042842289693004	0.898135938907007	0.9012100839381537	0.8976903004092157	-0.003519783528938003
sub-13	meta_metaphor	meta_L_AG	pre	0.8098020377277617	0.769381201022592	0.7895916193751769	0.7840226366174876	-0.005568982757689245
sub-13	meta_metaphor	meta_L_AG	post	0.9763126259840557	0.9803840203023013	0.9783483231431784	0.9697233821792863	-0.008624940963892103
sub-13	meta_metaphor	meta_L_AG	retrieval	0.7411941716409547	0.7585024322345896	0.7498483019377722	0.7501869769855009	0.00033867504772866486
sub-14	meta_metaphor	meta_L_AG	pre	0.9233760461127337	0.8970441839762299	0.9102101150444818	0.9045996585100908	-0.005610456534390962
sub-14	meta_metaphor	meta_L_AG	post	0.8831284608254797	0.9291821563653743	0.906155308595427	0.9011710953576058	-0.004984213237821278
sub-14	meta_metaphor	meta_L_AG	retrieval	0.7712771070605006	0.8198604683418327	0.7955687877011666	0.7910122022991538	-0.004556585402012758
sub-15	meta_metaphor	meta_L_AG	pre	0.9090511020845895	0.8957399614549422	0.9023955317697658	0.9021086706803566	-0.0002868610894092294
sub-15	meta_metaphor	meta_L_AG	post	0.9216142102760261	0.9047368830878549	0.9131755466819405	0.9137162711399348	0.0005407244579943571
sub-15	meta_metaphor	meta_L_AG	retrieval	0.7044761985302839	0.6748047285081075	0.6896404635191957	0.6890331161831348	-0.0006073473360609372
sub-16	meta_metaphor	meta_L_AG	pre	0.9096844645532052	0.9014171559852159	0.9055508102692105	0.9001262971516872	-0.005424513117523233
sub-16	meta_metaphor	meta_L_AG	post	0.9619480975064516	0.9509109290742996	0.9564295132903756	0.9579311545061608	0.001501641215785221
sub-16	meta_metaphor	meta_L_AG	retrieval	0.9154030762028784	0.9166851920946912	0.9160441341487848	0.9275561288308025	0.01151199468201769
sub-17	meta_metaphor	meta_L_AG	pre	0.9244725414980818	0.9348476016792383	0.92966007158866	0.933961852716478	0.004301781127817983
sub-17	meta_metaphor	meta_L_AG	post	0.80972859755515	0.880222197453625	0.8449753975043874	0.8464737787970465	0.0014983812926591122
sub-17	meta_metaphor	meta_L_AG	retrieval	0.8910487161597413	0.8718565408624995	0.8814526285111204	0.8737907453936372	-0.00766188311748317
sub-18	meta_metaphor	meta_L_AG	pre	0.9459502305502129	0.9873473942672326	0.9666488124087227	0.971788226455322	0.005139414046599344
sub-18	meta_metaphor	meta_L_AG	post	0.9946861454134124	0.9780269130263348	0.9863565292198736	0.9833238651335174	-0.0030326640863561627
sub-18	meta_metaphor	meta_L_AG	retrieval	0.9406481964492598	0.9585282227382219	0.9495882095937409	0.9582833877869189	0.008695178193178
sub-19	meta_metaphor	meta_L_AG	pre	0.8913844822614859	0.9044408409763619	0.8979126616189239	0.8988605024468557	0.0009478408279317563
sub-19	meta_metaphor	meta_L_AG	post	0.8781871425291488	0.8863447386494461	0.8822659405892974	0.8755133649894412	-0.006752575599856203
sub-19	meta_metaphor	meta_L_AG	retrieval	0.6587504608397448	0.5602170771597258	0.6094837689997352	0.6083933585824427	-0.00109041041729252
sub-20	meta_metaphor	meta_L_AG	pre	0.8085822665259101	0.7780468073598771	0.7933145369428936	0.7896057285147936	-0.0037088084280999523
sub-20	meta_metaphor	meta_L_AG	post	0.95278751723245	0.9199945260633494	0.9363910216478997	0.9321706212373277	-0.004220400410571923
sub-20	meta_metaphor	meta_L_AG	retrieval	0.7710385639799565	0.821537967150827	0.7962882655653918	0.8026763433227686	0.00638807775737682
sub-21	meta_metaphor	meta_L_AG	pre	0.9455444046582999	0.9777741721855501	0.961659288421925	0.9651777619493322	0.0035184735274071954
sub-21	meta_metaphor	meta_L_AG	post	0.9004046129475016	0.8830395318025306	0.8917220723750161	0.8896213550692451	-0.002100717305770994
sub-21	meta_metaphor	meta_L_AG	retrieval	0.811182465665573	0.810855063877431	0.8110187647715019	0.8086622069404702	-0.0023565578310317248
sub-22	meta_metaphor	meta_L_AG	pre	0.8768305903500966	0.9129872706175166	0.8949089304838066	0.8988435728607933	0.003934642376986708
sub-22	meta_metaphor	meta_L_AG	post	0.9574655336970687	0.9174507293099172	0.9374581315034929	0.9390880897359892	0.0016299582324963424
sub-22	meta_metaphor	meta_L_AG	retrieval	0.6602877879950932	0.7160787665291964	0.6881832772621448	0.6946385316513275	0.0064552543891827074
sub-23	meta_metaphor	meta_L_AG	pre	0.9588795501050452	0.9372349798096984	0.9480572649573717	0.9465790126427578	-0.0014782523146139592
sub-23	meta_metaphor	meta_L_AG	post	0.997444911470145	0.9590978929109529	0.978271402190549	0.9813739007873438	0.0031024985967947893
sub-24	meta_metaphor	meta_L_AG	pre	0.9586250595774365	0.9301375206255305	0.9443812901014834	0.9411501374756199	-0.003231152625863487
sub-24	meta_metaphor	meta_L_AG	post	0.951879710122836	0.9024597043717316	0.9271697072472838	0.9266932342904471	-0.0004764729568366155
sub-24	meta_metaphor	meta_L_AG	retrieval	0.8691926955207658	0.9325619263170697	0.9008773109189178	0.8967703848181666	-0.00410692610075114
sub-25	meta_metaphor	meta_L_AG	pre	0.8295923750366144	0.8229292727759793	0.8262608239062968	0.8218239835214771	-0.004436840384819729
sub-25	meta_metaphor	meta_L_AG	post	0.7175318943267014	0.7068980904498064	0.7122149923882539	0.7107559392892759	-0.0014590530989779804
sub-25	meta_metaphor	meta_L_AG	retrieval	0.9049646491382127	0.9341446560171535	0.9195546525776831	0.9359135360477709	0.01635888347008785
sub-26	meta_metaphor	meta_L_AG	pre	0.9409157229427687	0.9017641929209302	0.9213399579318495	0.920329741683342	-0.0010102162485075006
sub-26	meta_metaphor	meta_L_AG	post	0.7962272845256091	0.8222564619435951	0.8092418732346021	0.8087130085542733	-0.0005288646803287556
sub-26	meta_metaphor	meta_L_AG	retrieval	0.8290593269350889	0.8900822937942192	0.859570810364654	0.8653595418752645	0.005788731510610545
sub-27	meta_metaphor	meta_L_AG	pre	0.9743394506463847	0.949163196842398	0.9617513237443913	0.9588433771012265	-0.0029079466431648493
sub-27	meta_metaphor	meta_L_AG	post	0.980830009234049	0.957557180773713	0.969193595003881	0.9659000789698149	-0.003293516034066135
sub-27	meta_metaphor	meta_L_AG	retrieval	0.9873154926670205	0.9610613980820856	0.9741884453745531	0.974969505515404	0.0007810601408508866
sub-28	meta_metaphor	meta_L_AG	pre	0.7649995381656074	0.7553091750756874	0.7601543566206475	0.7604667593494155	0.00031240272876809083
sub-28	meta_metaphor	meta_L_AG	post	0.8400006719776045	0.8483481241544746	0.8441743980660396	0.8432590422188975	-0.0009153558471420853
sub-28	meta_metaphor	meta_L_AG	retrieval	0.7650209343534659	0.7538900142996179	0.7594554743265418	0.7571900382001405	-0.002265436126401288
sub-01	meta_metaphor	meta_L_IFG	pre	0.9320581815596329	0.9474510438719183	0.9397546127157757	0.9361592476358352	-0.0035953650799404047
sub-01	meta_metaphor	meta_L_IFG	post	0.8921660586952588	0.8489658827310805	0.8705659707131697	0.8662367985655547	-0.004329172147614968
sub-01	meta_metaphor	meta_L_IFG	retrieval	0.672731170524554	0.7276658927690984	0.7001985316468262	0.6961320613979787	-0.004066470248847542
sub-02	meta_metaphor	meta_L_IFG	pre	0.8749058216947818	0.8647526891049635	0.8698292553998727	0.866277343309957	-0.0035519120899156764
sub-02	meta_metaphor	meta_L_IFG	post	0.8898409658059919	0.9143783088753863	0.9021096373406892	0.9009293642108783	-0.0011802731298108382
sub-02	meta_metaphor	meta_L_IFG	retrieval	0.8553604100365054	0.9156745428763984	0.885517476456452	0.8969644663957115	0.011446989939259522
sub-03	meta_metaphor	meta_L_IFG	pre	0.8712458447578163	0.7691834146024356	0.8202146296801259	0.8299872690482909	0.00977263936816497
sub-03	meta_metaphor	meta_L_IFG	post	0.9498296025615766	0.9390616882748277	0.9444456454182022	0.9419366911969486	-0.002508954221253634
sub-03	meta_metaphor	meta_L_IFG	retrieval	0.7727755846049883	0.7763210238770443	0.7745483042410163	0.7688747805612076	-0.0056735236798086675
sub-04	meta_metaphor	meta_L_IFG	pre	0.9422862740179864	0.9639749344737095	0.953130604245848	0.9503999821881212	-0.0027306220577267837
sub-04	meta_metaphor	meta_L_IFG	post	0.8922845029303501	0.8958990166522071	0.8940917597912785	0.8892602981710249	-0.004831461620253608
sub-04	meta_metaphor	meta_L_IFG	retrieval	0.7754493683544456	0.7289257320555549	0.7521875502050002	0.746696883909642	-0.005490666295358215
sub-05	meta_metaphor	meta_L_IFG	pre	0.8924378106309317	0.9285864465006405	0.9105121285657861	0.9052036751753892	-0.005308453390396872
sub-05	meta_metaphor	meta_L_IFG	post	0.9086287578966313	0.8937050733634454	0.9011669156300384	0.893087768535497	-0.008079147094541383
sub-05	meta_metaphor	meta_L_IFG	retrieval	0.7802455506582904	0.7051302589448164	0.7426879048015533	0.7433269080822134	0.0006390032806600221
sub-06	meta_metaphor	meta_L_IFG	pre	0.9177002567967186	0.8981165649080648	0.9079084108523917	0.9061100496531331	-0.0017983611992585802
sub-06	meta_metaphor	meta_L_IFG	post	0.9098803048048647	0.930100826750206	0.9199905657775354	0.9182071486745987	-0.001783417102936613
sub-06	meta_metaphor	meta_L_IFG	retrieval	0.5908083818057013	0.5771036456637451	0.5839560137347232	0.5848927427238874	0.0009367289891641928
sub-07	meta_metaphor	meta_L_IFG	pre	0.8582914364884707	0.8845862917593227	0.8714388641238967	0.8682243693195153	-0.003214494804381407
sub-07	meta_metaphor	meta_L_IFG	post	0.9224304263070464	0.9297882643672563	0.9261093453371514	0.9196592512040106	-0.0064500941331407935
sub-07	meta_metaphor	meta_L_IFG	retrieval	0.6928166285168502	0.7515918931115201	0.7222042608141852	0.7296197310901634	0.00741547027597822
sub-08	meta_metaphor	meta_L_IFG	pre	0.9394916660204699	0.9145388568685416	0.9270152614445057	0.9199357295919254	-0.0070795318525803674
sub-08	meta_metaphor	meta_L_IFG	post	0.8786965342519674	0.8338830538155901	0.8562897940337788	0.8560976645757249	-0.00019212945805391346
sub-08	meta_metaphor	meta_L_IFG	retrieval	0.9381197240860041	0.9128959249250443	0.9255078245055242	0.9290321873713735	0.0035243628658493398
sub-09	meta_metaphor	meta_L_IFG	pre	0.917317033273783	0.9134526673669836	0.9153848503203833	0.9123267518399801	-0.0030580984804031708
sub-09	meta_metaphor	meta_L_IFG	post	0.9414234762808318	0.9126619564610114	0.9270427163709216	0.921974389539102	-0.0050683268318195696
sub-09	meta_metaphor	meta_L_IFG	retrieval	0.8285997930689158	0.7919445172697547	0.8102721551693353	0.8070778480774302	-0.0031943070919050465
sub-10	meta_metaphor	meta_L_IFG	pre	0.9197292700074453	0.8867818402943979	0.9032555551509216	0.90159548664768	-0.0016600685032416296
sub-10	meta_metaphor	meta_L_IFG	post	0.9001555004151399	0.812938479279174	0.8565469898471569	0.8577364348975715	0.001189445050414517
sub-10	meta_metaphor	meta_L_IFG	retrieval	0.8310066470973365	0.6865521676288298	0.7587794073630831	0.7676333339234789	0.008853926560395742
sub-11	meta_metaphor	meta_L_IFG	pre	0.8761318905372507	0.8629817849820753	0.869556837759663	0.8667430551347629	-0.002813782624900063
sub-11	meta_metaphor	meta_L_IFG	post	0.8964213769247975	0.8643592626215607	0.880390319773179	0.8745903064137639	-0.005800013359415157
sub-11	meta_metaphor	meta_L_IFG	retrieval	0.6678639796286517	0.7194866012152972	0.6936752904219745	0.6960693473142713	0.0023940568922967698
sub-12	meta_metaphor	meta_L_IFG	pre	0.8825644128748735	0.914866456866962	0.8987154348709178	0.9021175809973402	0.003402146126422423
sub-12	meta_metaphor	meta_L_IFG	post	0.9794942951995297	0.9702570529008793	0.9748756740502045	0.9728314718000466	-0.0020442022501578894
sub-13	meta_metaphor	meta_L_IFG	pre	0.9001797784444677	0.862919733010729	0.8815497557275984	0.8832917984732807	0.0017420427456822374
sub-13	meta_metaphor	meta_L_IFG	post	0.9639336161722335	0.9510896038293652	0.9575116100007994	0.9672031079775362	0.00969149797673674
sub-13	meta_metaphor	meta_L_IFG	retrieval	0.8118941590907769	0.8748994223371411	0.843396790713959	0.8560927265842303	0.012695935870271291
sub-14	meta_metaphor	meta_L_IFG	pre	0.9616784373133715	0.9425740388843967	0.9521262380988842	0.944757417018666	-0.007368821080218191
sub-14	meta_metaphor	meta_L_IFG	post	0.9360633709570466	0.8968660603424238	0.9164647156497352	0.9306910894446548	0.014226373794919644
sub-14	meta_metaphor	meta_L_IFG	retrieval	0.7820933798573327	0.6882681375037375	0.7351807586805351	0.7379949536059291	0.0028141949253940313
sub-15	meta_metaphor	meta_L_IFG	pre	0.8606170429019255	0.870934845471475	0.8657759441867003	0.8640565505394899	-0.0017193936472104099
sub-15	meta_metaphor	meta_L_IFG	post	0.8585491798321736	0.8735182112978758	0.8660336955650247	0.8636102094358099	-0.0024234861292148357
sub-15	meta_metaphor	meta_L_IFG	retrieval	0.6828804133673289	0.7218333548588434	0.702356884113086	0.7131697009645993	0.010812816851513252
sub-16	meta_metaphor	meta_L_IFG	pre	0.933963584435755	0.9287935079251799	0.9313785461804674	0.9333075885556799	0.0019290423752124086
sub-16	meta_metaphor	meta_L_IFG	post	0.9652830635258265	0.9559966007060687	0.9606398321159476	0.9513406361213808	-0.009299195994566856
sub-16	meta_metaphor	meta_L_IFG	retrieval	0.9219464629070034	0.944654371366319	0.9333004171366612	0.9364795693775847	0.0031791522409234663
sub-17	meta_metaphor	meta_L_IFG	pre	0.7840733537806484	0.8053705694349936	0.7947219616078209	0.7883093609903544	-0.006412600617466513
sub-17	meta_metaphor	meta_L_IFG	post	0.8992945225407158	0.8975381033085943	0.8984163129246551	0.894906982759255	-0.0035093301654001152
sub-17	meta_metaphor	meta_L_IFG	retrieval	0.9397851061778625	0.9170008717013357	0.9283929889395991	0.923957533170267	-0.004435455769332131
sub-18	meta_metaphor	meta_L_IFG	pre	0.9711908779962509	0.9979272286066079	0.9845590533014295	0.9855398830955205	0.000980829794091087
sub-18	meta_metaphor	meta_L_IFG	post	0.9966230257568106	0.981152813726381	0.9888879197415958	0.9887818600005016	-0.00010605974109423322
sub-18	meta_metaphor	meta_L_IFG	retrieval	0.9168584949918885	0.902870630287822	0.9098645626398553	0.9053412137708868	-0.004523348868968435
sub-19	meta_metaphor	meta_L_IFG	pre	0.9052182115141932	0.8846856543591549	0.8949519329366741	0.9020397964816461	0.0070878635449720395
sub-19	meta_metaphor	meta_L_IFG	post	0.9682500658098787	0.9483597208009309	0.9583048933054048	0.9627505886668624	0.004445695361457558
sub-19	meta_metaphor	meta_L_IFG	retrieval	0.8469759671426583	0.8339460575590176	0.840461012350838	0.8499017299444491	0.009440717593611092
sub-20	meta_metaphor	meta_L_IFG	pre	0.9089879148992592	0.892452616611007	0.9007202657551332	0.8989716324844615	-0.0017486332706716512
sub-20	meta_metaphor	meta_L_IFG	post	0.9074816130169057	0.8874790079261211	0.8974803104715134	0.8957019824708333	-0.0017783280006801183
sub-20	meta_metaphor	meta_L_IFG	retrieval	0.7698206811151651	0.7431280142666417	0.7564743476909034	0.7572555322895776	0.0007811845986742671
sub-21	meta_metaphor	meta_L_IFG	pre	0.9180923827519216	0.917048072552472	0.9175702276521969	0.9161604287587408	-0.001409798893456049
sub-21	meta_metaphor	meta_L_IFG	post	0.9262352648735085	0.9386167823841293	0.9324260236288189	0.9354049044823537	0.0029788808535348155
sub-21	meta_metaphor	meta_L_IFG	retrieval	0.773840560172879	0.7987736190072902	0.7863070895900846	0.7850720721619527	-0.0012350174281318127
sub-22	meta_metaphor	meta_L_IFG	pre	0.9370306548661286	0.9615047544202858	0.9492677046432072	0.9500412462617451	0.0007735416185379318
sub-22	meta_metaphor	meta_L_IFG	post	0.9771961578955123	0.9559570504626624	0.9665766041790873	0.9617180296378451	-0.004858574541242167
sub-22	meta_metaphor	meta_L_IFG	retrieval	0.657597076555194	0.7209575292850686	0.6892773029201313	0.6935409803308331	0.004263677410701772
sub-23	meta_metaphor	meta_L_IFG	pre	0.9717422831082966	0.9507246016975461	0.9612334424029214	0.9563532722675713	-0.004880170135350137
sub-23	meta_metaphor	meta_L_IFG	post	0.9785394410907038	0.9604526780178129	0.9694960595542583	0.963258706916308	-0.006237352637950333
sub-24	meta_metaphor	meta_L_IFG	pre	0.948951276299552	0.9318573485478072	0.9404043124236796	0.9386203968297634	-0.0017839155939162188
sub-24	meta_metaphor	meta_L_IFG	post	0.9783104928109742	0.9523466000429847	0.9653285464269794	0.9626718140239768	-0.0026567324030025707
sub-24	meta_metaphor	meta_L_IFG	retrieval	0.8653994629221367	0.8986623244780323	0.8820308937000845	0.8820258648163041	-5.0288837804002284e-06
sub-25	meta_metaphor	meta_L_IFG	pre	0.7259049410013466	0.7760869185650371	0.7509959297831919	0.7519516709453153	0.0009557411621234913
sub-25	meta_metaphor	meta_L_IFG	post	0.9311498397017313	0.9338734092606309	0.9325116244811811	0.935278561430459	0.002766936949277876
sub-25	meta_metaphor	meta_L_IFG	retrieval	0.8693399704335254	0.8931885148703281	0.8812642426519268	0.88652507089616	0.005260828244233129
sub-26	meta_metaphor	meta_L_IFG	pre	0.9521291144067221	0.9013963151293951	0.9267627147680586	0.934706449758152	0.007943734990093376
sub-26	meta_metaphor	meta_L_IFG	post	0.8055381445277455	0.8690974883491677	0.8373178164384566	0.8366719738060876	-0.0006458426323689981
sub-26	meta_metaphor	meta_L_IFG	retrieval	0.6927446222809843	0.7308578683365518	0.7118012453087681	0.708866129706625	-0.0029351156021431013
sub-27	meta_metaphor	meta_L_IFG	pre	0.9574278934144538	0.9625528828622505	0.9599903881383521	0.9671773149565912	0.00718692681823907
sub-27	meta_metaphor	meta_L_IFG	post	0.9655662245973096	0.9437322197929982	0.9546492221951539	0.9642375999493117	0.009588377754157773
sub-27	meta_metaphor	meta_L_IFG	retrieval	0.9764744627215675	0.9802480518133939	0.9783612572674807	0.975873362368472	-0.0024878948990086913
sub-28	meta_metaphor	meta_L_IFG	pre	0.8285015373998038	0.8333903032569676	0.8309459203283858	0.8305068855447575	-0.0004390347836282782
sub-28	meta_metaphor	meta_L_IFG	post	0.8919484741652361	0.8920960717781825	0.8920222729717093	0.8914130359261535	-0.0006092370455558216
sub-28	meta_metaphor	meta_L_IFG	retrieval	0.7836242227863354	0.7538413008629503	0.7687327618246429	0.777218371659155	0.008485609834512076
sub-01	meta_metaphor	meta_L_pMTG_pSTS	pre	0.914411255931816	0.9218166711821361	0.918113963556976	0.911763769118543	-0.006350194438433099
sub-01	meta_metaphor	meta_L_pMTG_pSTS	post	0.9474786032647717	0.9035254201842133	0.9255020117244925	0.9290548652433027	0.003552853518810184
sub-01	meta_metaphor	meta_L_pMTG_pSTS	retrieval	0.75429260700358	0.8180914309879407	0.7861920189957603	0.7839668179861141	-0.0022252010096461827
sub-02	meta_metaphor	meta_L_pMTG_pSTS	pre	0.8053479713537421	0.8021261432231281	0.8037370572884351	0.7958149737640519	-0.007922083524383283
sub-02	meta_metaphor	meta_L_pMTG_pSTS	post	0.9139062726986599	0.8980688487346341	0.905987560716647	0.9013867865680613	-0.004600774148585729
sub-02	meta_metaphor	meta_L_pMTG_pSTS	retrieval	0.8675386188995724	0.9030461126004432	0.8852923657500078	0.8829698629147836	-0.0023225028352241717
sub-03	meta_metaphor	meta_L_pMTG_pSTS	pre	0.9149270776930799	0.9447198273797441	0.929823452536412	0.92709921020328	-0.0027242423331319543
sub-03	meta_metaphor	meta_L_pMTG_pSTS	post	0.9404596005233268	0.9415799205474928	0.9410197605354098	0.9410730663748909	5.3305839481043726e-05
sub-03	meta_metaphor	meta_L_pMTG_pSTS	retrieval	0.5666080885763749	0.5770592099981426	0.5718336492872588	0.569275303211672	-0.0025583460755868037
sub-04	meta_metaphor	meta_L_pMTG_pSTS	pre	0.8862956594837406	0.8747681112111072	0.8805318853474239	0.871644285149782	-0.008887600197641898
sub-04	meta_metaphor	meta_L_pMTG_pSTS	post	0.9302737788448826	0.9370897681142142	0.9336817734795484	0.9254781106128396	-0.008203662866708816
sub-04	meta_metaphor	meta_L_pMTG_pSTS	retrieval	0.8440917199403205	0.794362223375059	0.8192269716576898	0.8143844824898613	-0.004842489167828479
sub-05	meta_metaphor	meta_L_pMTG_pSTS	pre	0.7802484017524353	0.8177233094688618	0.7989858556106486	0.7928153256791384	-0.006170529931510238
sub-05	meta_metaphor	meta_L_pMTG_pSTS	post	0.8743923486627211	0.8762111326001274	0.8753017406314243	0.8759444753401164	0.0006427347086921387
sub-05	meta_metaphor	meta_L_pMTG_pSTS	retrieval	0.855674858263451	0.8885005062502489	0.87208768225685	0.8721253276243488	3.764536749883973e-05
sub-06	meta_metaphor	meta_L_pMTG_pSTS	pre	0.8927890815994471	0.8760617679520649	0.884425424775756	0.8821217277326306	-0.0023036970431253856
sub-06	meta_metaphor	meta_L_pMTG_pSTS	post	0.8805761479008131	0.8820400648987816	0.8813081063997974	0.8761398980959426	-0.005168208303854782
sub-06	meta_metaphor	meta_L_pMTG_pSTS	retrieval	0.713767428253967	0.7038323365388324	0.7087998823963997	0.7024901632280224	-0.0063097191683773035
sub-07	meta_metaphor	meta_L_pMTG_pSTS	pre	0.9193849286770345	0.918726032925652	0.9190554808013432	0.9135886960848764	-0.005466784716466888
sub-07	meta_metaphor	meta_L_pMTG_pSTS	post	0.8201126319365872	0.8808997800900706	0.8505062060133289	0.8432068726961705	-0.007299333317158485
sub-07	meta_metaphor	meta_L_pMTG_pSTS	retrieval	0.7290118148419104	0.7900017933445379	0.7595068040932241	0.7630731590639197	0.0035663549706955733
sub-08	meta_metaphor	meta_L_pMTG_pSTS	pre	0.9636496151498016	0.9547123211385129	0.9591809681441572	0.952112569405027	-0.007068398739130233
sub-08	meta_metaphor	meta_L_pMTG_pSTS	post	0.8936853472151572	0.853719065921046	0.8737022065681016	0.8725679340635725	-0.0011342725045291324
sub-08	meta_metaphor	meta_L_pMTG_pSTS	retrieval	0.943346210915201	0.9271481728661004	0.9352471918906506	0.9534549973039939	0.018207805413343214
sub-09	meta_metaphor	meta_L_pMTG_pSTS	pre	0.8932046783175429	0.8560030300920535	0.8746038542047982	0.8712176726658827	-0.003386181538915567
sub-09	meta_metaphor	meta_L_pMTG_pSTS	post	0.9393896190126779	0.9508341265634159	0.945111872788047	0.9378065556937403	-0.007305317094306707
sub-09	meta_metaphor	meta_L_pMTG_pSTS	retrieval	0.8247619358678041	0.8232925902418252	0.8240272630548147	0.8249445228822291	0.0009172598274144184
sub-10	meta_metaphor	meta_L_pMTG_pSTS	pre	0.9359806362932604	0.9310600158855885	0.9335203260894245	0.9293349479740796	-0.004185378115344918
sub-10	meta_metaphor	meta_L_pMTG_pSTS	post	0.9479561001633657	0.9131979612257269	0.9305770306945463	0.9333993470290967	0.0028223163345503233
sub-10	meta_metaphor	meta_L_pMTG_pSTS	retrieval	0.8977903608381221	0.8621694049347739	0.879979882886448	0.8766103397468284	-0.0033695431396195685
sub-11	meta_metaphor	meta_L_pMTG_pSTS	pre	0.7634761251606257	0.8338133508254133	0.7986447379930195	0.8056456515946353	0.00700091360161581
sub-11	meta_metaphor	meta_L_pMTG_pSTS	post	0.9010764405732936	0.8986982481888701	0.8998873443810819	0.8980201645691909	-0.0018671798118909955
sub-11	meta_metaphor	meta_L_pMTG_pSTS	retrieval	0.6355826274769305	0.6847580898376079	0.6601703586572691	0.665356527768945	0.005186169111675909
sub-12	meta_metaphor	meta_L_pMTG_pSTS	pre	0.7609563904847081	0.7788226698070776	0.7698895301458928	0.7711651843473989	0.0012756542015061045
sub-12	meta_metaphor	meta_L_pMTG_pSTS	post	0.8927968187001882	0.8885375184479422	0.8906671685740652	0.8901785477454033	-0.0004886208286619675
sub-13	meta_metaphor	meta_L_pMTG_pSTS	pre	0.8430501565322793	0.8739196286657759	0.8584848925990276	0.8560049701898516	-0.0024799224091760497
sub-13	meta_metaphor	meta_L_pMTG_pSTS	post	0.9251088811075386	0.9277018032893869	0.9264053421984628	0.9210171519060862	-0.005388190292376582
sub-13	meta_metaphor	meta_L_pMTG_pSTS	retrieval	0.9187473167823246	0.9223640939620463	0.9205557053721855	0.9175196934448925	-0.0030360119272929698
sub-14	meta_metaphor	meta_L_pMTG_pSTS	pre	0.9584207423791115	0.9415515775358824	0.9499861599574969	0.9460465110299985	-0.003939648927498429
sub-14	meta_metaphor	meta_L_pMTG_pSTS	post	0.8903903159131775	0.9015012317793074	0.8959457738462424	0.8913442973461599	-0.004601476500082469
sub-14	meta_metaphor	meta_L_pMTG_pSTS	retrieval	0.7636550538154652	0.7933058613484938	0.7784804575819795	0.7766726602882986	-0.0018077972936808573
sub-15	meta_metaphor	meta_L_pMTG_pSTS	pre	0.881735664256803	0.8486786228660738	0.8652071435614384	0.8712196905878643	0.006012547026425952
sub-15	meta_metaphor	meta_L_pMTG_pSTS	post	0.8592294305135763	0.8624550506332626	0.8608422405734194	0.853010373416029	-0.007831867157390371
sub-15	meta_metaphor	meta_L_pMTG_pSTS	retrieval	0.583740876149451	0.535984821204032	0.5598628486767415	0.5596733082839072	-0.0001895403928343642
sub-16	meta_metaphor	meta_L_pMTG_pSTS	pre	0.9532310398174703	0.9375327512009287	0.9453818955091995	0.9515131576375432	0.006131262128343695
sub-16	meta_metaphor	meta_L_pMTG_pSTS	post	0.9745126089381754	0.9768225947770826	0.9756676018576289	0.9758361591417656	0.00016855728413667226
sub-16	meta_metaphor	meta_L_pMTG_pSTS	retrieval	0.9293905704199084	0.9122630303686317	0.92082680039427	0.914490155617186	-0.006336644777083955
sub-17	meta_metaphor	meta_L_pMTG_pSTS	pre	0.8392893558124713	0.8629306133146992	0.8511099845635852	0.8448489003589937	-0.006261084204591483
sub-17	meta_metaphor	meta_L_pMTG_pSTS	post	0.858309072631838	0.9061205880158684	0.8822148303238532	0.8787299439995918	-0.0034848863242613604
sub-17	meta_metaphor	meta_L_pMTG_pSTS	retrieval	0.864247614409444	0.8404381515390796	0.8523428829742619	0.8535363978214989	0.001193514847237065
sub-18	meta_metaphor	meta_L_pMTG_pSTS	pre	0.9806266561337362	0.9985787636758832	0.9896027099048097	0.9902138188446666	0.0006111089398569414
sub-18	meta_metaphor	meta_L_pMTG_pSTS	post	1.0003228243740852	0.9757432996839087	0.988033062028997	0.9902536495878801	0.0022205875588831026
sub-18	meta_metaphor	meta_L_pMTG_pSTS	retrieval	0.9393617228153891	0.9087272795804384	0.9240445011979137	0.9179715335959134	-0.006072967602000268
sub-19	meta_metaphor	meta_L_pMTG_pSTS	pre	0.9133518507853586	0.9284150143435506	0.9208834325644546	0.9169702010642959	-0.003913231500158654
sub-19	meta_metaphor	meta_L_pMTG_pSTS	post	0.9666610799120037	0.9570465788504224	0.9618538293812131	0.9601367675101113	-0.001717061871101766
sub-19	meta_metaphor	meta_L_pMTG_pSTS	retrieval	0.8289560735708785	0.8290730195557842	0.8290145465633314	0.8305209158932727	0.001506369329941304
sub-20	meta_metaphor	meta_L_pMTG_pSTS	pre	0.8837556266644215	0.9102967748908132	0.8970262007776173	0.9033155948206241	0.0062893940430067685
sub-20	meta_metaphor	meta_L_pMTG_pSTS	post	0.9066216549577392	0.8552032357834467	0.880912445370593	0.8789283497091017	-0.0019840956614912697
sub-20	meta_metaphor	meta_L_pMTG_pSTS	retrieval	0.8139775556402599	0.7966668898513759	0.8053222227458179	0.8054608999951525	0.00013867724933458447
sub-21	meta_metaphor	meta_L_pMTG_pSTS	pre	0.9255714911426278	0.9353426228651498	0.9304570570038888	0.9290813846783649	-0.0013756723255239356
sub-21	meta_metaphor	meta_L_pMTG_pSTS	post	0.9048905291269761	0.8547319855844988	0.8798112573557375	0.8778005687826322	-0.002010688573105268
sub-21	meta_metaphor	meta_L_pMTG_pSTS	retrieval	0.7933388008500073	0.8060614312814217	0.7997001160657145	0.795934401718807	-0.003765714346907423
sub-22	meta_metaphor	meta_L_pMTG_pSTS	pre	0.9563907174999217	0.9726966633750469	0.9645436904374842	0.9588254513711062	-0.005718239066378028
sub-22	meta_metaphor	meta_L_pMTG_pSTS	post	0.9706871652969811	0.9677316053894204	0.9692093853432007	0.9640117036957727	-0.005197681647427954
sub-22	meta_metaphor	meta_L_pMTG_pSTS	retrieval	0.7781542561129503	0.7825344511815994	0.7803443536472748	0.7771172663362719	-0.003227087311002963
sub-23	meta_metaphor	meta_L_pMTG_pSTS	pre	0.9487685593851726	0.933295174428789	0.9410318669069808	0.9374796303693093	-0.0035522365376715603
sub-23	meta_metaphor	meta_L_pMTG_pSTS	post	0.9264710787144784	0.9393391416057448	0.9329051101601116	0.9306358412440813	-0.002269268916030298
sub-24	meta_metaphor	meta_L_pMTG_pSTS	pre	0.8859751943211833	0.9136490303728764	0.8998121123470298	0.8958684547780096	-0.003943657569020265
sub-24	meta_metaphor	meta_L_pMTG_pSTS	post	0.9291244742657798	0.9669399519881553	0.9480322131269676	0.9499944683654078	0.0019622552384401803
sub-24	meta_metaphor	meta_L_pMTG_pSTS	retrieval	0.8817706792838148	0.8817005981236913	0.881735638703753	0.8745938599776211	-0.007141778726131975
sub-25	meta_metaphor	meta_L_pMTG_pSTS	pre	0.7339964498396602	0.7456255438407886	0.7398109968402244	0.7443950100692339	0.004584013229009476
sub-25	meta_metaphor	meta_L_pMTG_pSTS	post	0.7584976834698386	0.8047868293245457	0.7816422563971921	0.7887554542853117	0.007113197888119593
sub-25	meta_metaphor	meta_L_pMTG_pSTS	retrieval	0.8189130582165353	0.8644699277636668	0.841691492990101	0.8383411809969241	-0.0033503119931769243
sub-26	meta_metaphor	meta_L_pMTG_pSTS	pre	0.8953907912329059	0.8714111540327577	0.8834009726328318	0.8844761424282525	0.0010751697954206607
sub-26	meta_metaphor	meta_L_pMTG_pSTS	post	0.9175552166903141	0.9636241685829505	0.9405896926366324	0.9405939549731535	4.26233652106589e-06
sub-26	meta_metaphor	meta_L_pMTG_pSTS	retrieval	0.8687123518014825	0.8709944046850585	0.8698533782432705	0.8638921023429967	-0.0059612759002737326
sub-27	meta_metaphor	meta_L_pMTG_pSTS	pre	0.9640163931086858	0.9296968733596335	0.9468566332341597	0.9466615487112553	-0.00019508452290439848
sub-27	meta_metaphor	meta_L_pMTG_pSTS	post	0.9727755072517166	0.9398872583761314	0.9563313828139239	0.9520277493113913	-0.0043036335025326
sub-27	meta_metaphor	meta_L_pMTG_pSTS	retrieval	0.989200167407133	0.9835583653987132	0.9863792664029232	0.9834187733840439	-0.00296049301887924
sub-28	meta_metaphor	meta_L_pMTG_pSTS	pre	0.8561641686287739	0.7424503952126122	0.799307281920693	0.804080019055454	0.004772737134761007
sub-28	meta_metaphor	meta_L_pMTG_pSTS	post	0.9396613371647915	0.9147100036034961	0.9271856703841438	0.9193514977643257	-0.007834172619818114
sub-28	meta_metaphor	meta_L_pMTG_pSTS	retrieval	0.7761612245990985	0.7660810939935953	0.771121159296347	0.7650285788931127	-0.006092580403234238
sub-01	meta_metaphor	meta_L_temporal_pole	pre	0.9069438892394115	0.9499990685584725	0.928471478898942	0.9227656032171451	-0.005705875681796924
sub-01	meta_metaphor	meta_L_temporal_pole	post	0.9573800593733655	0.9396851423328004	0.948532600853083	0.9565719228181973	0.008039321965114254
sub-01	meta_metaphor	meta_L_temporal_pole	retrieval	0.761767139950381	0.8147792287579422	0.7882731843541616	0.7879320042838087	-0.00034118007035288667
sub-02	meta_metaphor	meta_L_temporal_pole	pre	0.8058067953918322	0.7959995294671507	0.8009031624294914	0.797931683279978	-0.0029714791495134563
sub-02	meta_metaphor	meta_L_temporal_pole	post	0.8121492190760102	0.7882073772449248	0.8001782981604675	0.7932616001082845	-0.006916698052182979
sub-02	meta_metaphor	meta_L_temporal_pole	retrieval	0.8180148784037081	0.8358026527048729	0.8269087655542905	0.8228381336841412	-0.004070631870149333
sub-03	meta_metaphor	meta_L_temporal_pole	pre	0.9162782849133115	0.9275051710150451	0.9218917279641783	0.9327938900322732	0.010902162068094912
sub-03	meta_metaphor	meta_L_temporal_pole	post	0.8218282334811916	0.8014316995906741	0.8116299665359328	0.8058715430722202	-0.005758423463712581
sub-03	meta_metaphor	meta_L_temporal_pole	retrieval	0.5878422638056883	0.5353413221817384	0.5615917929937133	0.5623077418177309	0.0007159488240175982
sub-04	meta_metaphor	meta_L_temporal_pole	pre	0.9455927207557453	0.9707979211554193	0.9581953209555822	0.959766838496859	0.0015715175412767124
sub-04	meta_metaphor	meta_L_temporal_pole	post	0.8735705869545757	0.8683663660681334	0.8709684765113546	0.870059168951748	-0.0009093075596066091
sub-04	meta_metaphor	meta_L_temporal_pole	retrieval	0.8253369767951024	0.7917806437632794	0.808558810279191	0.8035123449703025	-0.005046465308888415
sub-05	meta_metaphor	meta_L_temporal_pole	pre	0.8875798768010574	0.9077607104800777	0.8976702936405676	0.8907952268697943	-0.006875066770773319
sub-05	meta_metaphor	meta_L_temporal_pole	post	0.9580878779595893	0.9609877652028264	0.9595378215812078	0.9509436763404434	-0.008594145240764406
sub-05	meta_metaphor	meta_L_temporal_pole	retrieval	0.7376215435991973	0.76908477571401	0.7533531596566037	0.7588010520632293	0.005447892406625687
sub-06	meta_metaphor	meta_L_temporal_pole	pre	0.8372738014539272	0.7758797677898288	0.806576784621878	0.8113694418325001	0.004792657210622164
sub-06	meta_metaphor	meta_L_temporal_pole	post	0.8558286733225242	0.8280117387997533	0.8419202060611388	0.8399694520868671	-0.0019507539742716906
sub-06	meta_metaphor	meta_L_temporal_pole	retrieval	0.7575650661666178	0.7661071485150113	0.7618361073408145	0.7602510485436073	-0.0015850587972072727
sub-07	meta_metaphor	meta_L_temporal_pole	pre	0.8071505549173493	0.8030438059933512	0.8050971804553503	0.7967484614374969	-0.00834871901785339
sub-07	meta_metaphor	meta_L_temporal_pole	post	0.8504838829982366	0.8732758019841445	0.8618798424911905	0.8572683917540798	-0.004611450737110778
sub-07	meta_metaphor	meta_L_temporal_pole	retrieval	0.5137018127634705	0.5452937887558508	0.5294978007596607	0.5294616807664574	-3.6119993203298506e-05
sub-08	meta_metaphor	meta_L_temporal_pole	pre	0.86266239969096	0.8281376471655462	0.845400023428253	0.8412660782941412	-0.004133945134111805
sub-08	meta_metaphor	meta_L_temporal_pole	post	0.918908932429649	0.8426994962519079	0.8808042143407784	0.8803331255117915	-0.000471088828986832
sub-08	meta_metaphor	meta_L_temporal_pole	retrieval	0.843830609223318	0.8862521698369754	0.8650413895301468	0.8596015994362497	-0.005439790093897057
sub-09	meta_metaphor	meta_L_temporal_pole	pre	0.952723203966983	0.9366728885904012	0.944698046278692	0.9534037893172097	0.008705743038517677
sub-09	meta_metaphor	meta_L_temporal_pole	post	0.9393750681522718	0.9375281796187275	0.9384516238854996	0.9313078733906057	-0.007143750494893908
sub-09	meta_metaphor	meta_L_temporal_pole	retrieval	0.7598263517360884	0.8247128395263025	0.7922695956311954	0.7888514586391406	-0.003418136992054732
sub-10	meta_metaphor	meta_L_temporal_pole	pre	0.9076817622729861	0.8966935197375244	0.9021876410052553	0.8975624453958907	-0.004625195609364585
sub-10	meta_metaphor	meta_L_temporal_pole	post	0.9756018364772236	0.9667935899680927	0.9711977132226581	0.9673419821198768	-0.003855731102781368
sub-10	meta_metaphor	meta_L_temporal_pole	retrieval	0.8839693629595611	0.8143516997772939	0.8491605313684275	0.8492929571525054	0.00013242578407790528
sub-11	meta_metaphor	meta_L_temporal_pole	pre	0.8123860143756064	0.7542451323182412	0.7833155733469238	0.7852443043563557	0.0019287310094319166
sub-11	meta_metaphor	meta_L_temporal_pole	post	0.8937839245091824	0.8849042868577973	0.8893441056834899	0.8828369229084719	-0.006507182775017939
sub-11	meta_metaphor	meta_L_temporal_pole	retrieval	0.7713249043526433	0.796445838492969	0.7838853714228062	0.7817900168742578	-0.002095354548548478
sub-12	meta_metaphor	meta_L_temporal_pole	pre	0.9580365605735862	0.9360738275699173	0.9470551940717518	0.9406748407780822	-0.006380353293669594
sub-12	meta_metaphor	meta_L_temporal_pole	post	0.940498958208717	0.8910880199812246	0.9157934890949708	0.9270057907620429	0.0112123016670721
sub-13	meta_metaphor	meta_L_temporal_pole	pre	0.8239402513294181	0.8089272088870085	0.8164337301082133	0.8153602461073536	-0.0010734840008597146
sub-13	meta_metaphor	meta_L_temporal_pole	post	0.9497201706522668	0.9596123486701406	0.9546662596612037	0.9526559722812405	-0.002010287379963116
sub-13	meta_metaphor	meta_L_temporal_pole	retrieval	0.896791605697977	0.8863771616474814	0.8915843836727292	0.8822599212489082	-0.009324462423821012
sub-14	meta_metaphor	meta_L_temporal_pole	pre	0.8869680982691073	0.8267600470997067	0.856864072684407	0.8543426489370899	-0.0025214237473171197
sub-14	meta_metaphor	meta_L_temporal_pole	post	0.9326965776036297	0.9086783159951448	0.9206874467993873	0.9333170694235233	0.012629622624136028
sub-14	meta_metaphor	meta_L_temporal_pole	retrieval	0.6323462619538696	0.6579640536196967	0.6451551577867831	0.6433553262240851	-0.0017998315626980288
sub-15	meta_metaphor	meta_L_temporal_pole	pre	0.867491781309056	0.8569377870969882	0.8622147842030221	0.8574119464799307	-0.004802837723091424
sub-15	meta_metaphor	meta_L_temporal_pole	post	0.7583512435058123	0.7515217622117912	0.7549365028588018	0.7491524442503436	-0.005784058608458209
sub-15	meta_metaphor	meta_L_temporal_pole	retrieval	0.4363276359591467	0.37684773935617394	0.4065876876576603	0.40309638603561565	-0.0034913016220446402
sub-16	meta_metaphor	meta_L_temporal_pole	pre	0.9601174082967605	0.9280414735404586	0.9440794409186095	0.9455710072759178	0.0014915663573082938
sub-16	meta_metaphor	meta_L_temporal_pole	post	0.984690803454444	0.9806978433686099	0.982694323411527	0.9786266298344971	-0.004067693577029852
sub-16	meta_metaphor	meta_L_temporal_pole	retrieval	0.918309723789058	0.9147766615472401	0.9165431926681491	0.9100599602604583	-0.0064832324076907755
sub-17	meta_metaphor	meta_L_temporal_pole	pre	0.8465114217574577	0.8573451512965148	0.8519282865269863	0.8540627996192449	0.0021345130922586497
sub-17	meta_metaphor	meta_L_temporal_pole	post	0.8764675314645695	0.8754265631553689	0.8759470473099692	0.8804657392627799	0.004518691952810738
sub-17	meta_metaphor	meta_L_temporal_pole	retrieval	0.801612272011867	0.8309668336779281	0.8162895528448976	0.8093887974016987	-0.006900755443198903
sub-18	meta_metaphor	meta_L_temporal_pole	pre	1.0010204919670302	1.0029558844294684	1.0019881881982493	0.9950335962044161	-0.006954591993833192
sub-18	meta_metaphor	meta_L_temporal_pole	post	0.980616599556726	0.9711090860490557	0.9758628428028908	0.9703541535288309	-0.005508689274059897
sub-18	meta_metaphor	meta_L_temporal_pole	retrieval	0.9678212206286757	0.9576773996665242	0.9627493101475999	0.9666817882945411	0.0039324781469411985
sub-19	meta_metaphor	meta_L_temporal_pole	pre	0.7734181678405343	0.8400187046105763	0.8067184362255553	0.8034568404146623	-0.0032615958108930254
sub-19	meta_metaphor	meta_L_temporal_pole	post	0.964155557273731	0.9547755225837189	0.959465539928725	0.9538774996237719	-0.005588040304953079
sub-19	meta_metaphor	meta_L_temporal_pole	retrieval	0.7030867990190587	0.5993813931611357	0.6512340960900972	0.6540995840937321	0.002865488003634953
sub-20	meta_metaphor	meta_L_temporal_pole	pre	0.8832972009441767	0.8942547414113703	0.8887759711777735	0.8839846796035762	-0.004791291574197332
sub-20	meta_metaphor	meta_L_temporal_pole	post	0.885724045025667	0.9156753451910299	0.9006996951083485	0.8959253137495	-0.004774381358848445
sub-20	meta_metaphor	meta_L_temporal_pole	retrieval	0.8400504091045253	0.7287004315165728	0.7843754203105491	0.8007210334081942	0.01634561309764515
sub-21	meta_metaphor	meta_L_temporal_pole	pre	0.9483948401495589	0.9857056122204748	0.9670502261850169	0.9621784927038927	-0.004871733481124241
sub-21	meta_metaphor	meta_L_temporal_pole	post	0.8515757526390566	0.9265222937277797	0.8890490231834182	0.8909744052381996	0.0019253820547814327
sub-21	meta_metaphor	meta_L_temporal_pole	retrieval	0.8074669072028647	0.8248758640489893	0.816171385625927	0.8136891709995205	-0.0024822146264064093
sub-22	meta_metaphor	meta_L_temporal_pole	pre	0.902486125540642	0.8940688315775589	0.8982774785591005	0.8940390953247077	-0.00423838323439274
sub-22	meta_metaphor	meta_L_temporal_pole	post	0.7311264014268035	0.5992186252584756	0.6651725133426396	0.6696761212031311	0.004503607860491532
sub-22	meta_metaphor	meta_L_temporal_pole	retrieval	0.573558679097164	0.6150430503304921	0.594300864713828	0.5901053717005196	-0.00419549301330846
sub-23	meta_metaphor	meta_L_temporal_pole	pre	0.7830762023110359	0.7799075927594056	0.7814918975352207	0.7817448591042263	0.0002529615690055609
sub-23	meta_metaphor	meta_L_temporal_pole	post	0.9156351524637033	0.9465308009736786	0.931082976718691	0.9261122313674806	-0.004970745351210448
sub-24	meta_metaphor	meta_L_temporal_pole	pre	0.9240905330676582	0.9237698165951648	0.9239301748314115	0.9148600973998847	-0.009070077431526768
sub-24	meta_metaphor	meta_L_temporal_pole	post	0.9545317726484672	0.8927145434090562	0.9236231580287617	0.9320337368645552	0.008410578835793436
sub-24	meta_metaphor	meta_L_temporal_pole	retrieval	0.9057913968889287	0.9389621279721371	0.9223767624305329	0.9174513098448233	-0.004925452585709644
sub-25	meta_metaphor	meta_L_temporal_pole	pre	0.9103511691778362	0.8875639316136356	0.8989575503957359	0.8947070555387087	-0.0042504948570272205
sub-25	meta_metaphor	meta_L_temporal_pole	post	0.889269389315632	0.8755420904782032	0.8824057398969176	0.8835958630077039	0.0011901231107862564
sub-25	meta_metaphor	meta_L_temporal_pole	retrieval	0.7404176605320025	0.7101023367161962	0.7252599986240993	0.7235931352421658	-0.0016668633819334477
sub-26	meta_metaphor	meta_L_temporal_pole	pre	0.897892595864877	0.9558716183411753	0.9268821071030262	0.9360003312327075	0.00911822412968133
sub-26	meta_metaphor	meta_L_temporal_pole	post	0.9184418634894637	0.9145652038324448	0.9165035336609542	0.9228104613828635	0.006306927721909328
sub-26	meta_metaphor	meta_L_temporal_pole	retrieval	0.6727337575329975	0.7300695013389111	0.7014016294359543	0.7020441218534197	0.0006424924174653901
sub-27	meta_metaphor	meta_L_temporal_pole	pre	0.9455851308173783	0.9299558003868416	0.93777046560211	0.929910751926157	-0.00785971367595295
sub-27	meta_metaphor	meta_L_temporal_pole	post	0.9670876765263591	0.9896921839543666	0.9783899302403629	0.98145969709512	0.0030697668547571277
sub-27	meta_metaphor	meta_L_temporal_pole	retrieval	0.9902065978101968	0.9859099256142355	0.9880582617122162	0.9851157418445775	-0.0029425198676387154
sub-28	meta_metaphor	meta_L_temporal_pole	pre	0.8348478340014233	0.7918318634905372	0.8133398487459802	0.8112346304979047	-0.0021052182480755244
sub-28	meta_metaphor	meta_L_temporal_pole	post	0.9159108597317692	0.9129194206527373	0.9144151401922533	0.9117100269633969	-0.0027051132288564705
sub-28	meta_metaphor	meta_L_temporal_pole	retrieval	0.7829251798918963	0.797243729853499	0.7900844548726976	0.8002042063061066	0.01011975143340893
sub-01	meta_metaphor	meta_R_AG	pre	0.8365665221920286	0.8036485495537021	0.8201075358728653	0.8185507987869671	-0.0015567370858982077
sub-01	meta_metaphor	meta_R_AG	post	0.9415332621264666	0.9252769287197711	0.9334050954231188	0.9427116408928887	0.009306545469769945
sub-01	meta_metaphor	meta_R_AG	retrieval	0.8412804089189317	0.8076337543913585	0.8244570816551451	0.8368161697560268	0.01235908810088171
sub-02	meta_metaphor	meta_R_AG	pre	0.9393708229897705	0.9482519923904916	0.943811407690131	0.944458840018865	0.0006474323287339878
sub-02	meta_metaphor	meta_R_AG	post	0.9232419015018921	0.942488728405279	0.9328653149535855	0.9312490502568433	-0.0016162646967421423
sub-02	meta_metaphor	meta_R_AG	retrieval	0.9513635109218698	0.9340987698188262	0.942731140370348	0.9417789473609802	-0.0009521930093677744
sub-03	meta_metaphor	meta_R_AG	pre	0.6904062593043752	0.7629527912184875	0.7266795252614313	0.7279912726136786	0.0013117473522472611
sub-03	meta_metaphor	meta_R_AG	post	0.8536882282311986	0.8911179709218887	0.8724030995765437	0.8783090844134769	0.005905984836933165
sub-03	meta_metaphor	meta_R_AG	retrieval	0.722320255766139	0.7218462890157108	0.722083272390925	0.7176573998845812	-0.004425872506343742
sub-04	meta_metaphor	meta_R_AG	pre	0.9401462195872459	0.9327282354606347	0.9364372275239403	0.9304221581275061	-0.006015069396434258
sub-04	meta_metaphor	meta_R_AG	post	0.901878886017544	0.852946521678218	0.877412703847881	0.8746011172700918	-0.002811586577789127
sub-04	meta_metaphor	meta_R_AG	retrieval	0.7659215211451809	0.7458820630481307	0.7559017920966558	0.7535846218988176	-0.00231717019783817
sub-05	meta_metaphor	meta_R_AG	pre	0.9191304606512184	0.933540885028492	0.9263356728398552	0.9233876241239671	-0.002948048715888052
sub-05	meta_metaphor	meta_R_AG	post	0.9638346497865707	0.9544635429328724	0.9591490963597216	0.9491106839402695	-0.010038412419452025
sub-05	meta_metaphor	meta_R_AG	retrieval	0.9437651646765404	0.9416442133667757	0.942704689021658	0.9348596138846272	-0.00784507513703081
sub-06	meta_metaphor	meta_R_AG	pre	0.9112312181297407	0.8997420801630714	0.9054866491464061	0.8999060678659924	-0.005580581280413721
sub-06	meta_metaphor	meta_R_AG	post	0.9544254028311063	0.9010608952182225	0.9277431490246644	0.9297678115855097	0.002024662560845325
sub-06	meta_metaphor	meta_R_AG	retrieval	0.8028093260065162	0.7881231266018827	0.7954662263041994	0.7899319295996343	-0.005534296704565067
sub-07	meta_metaphor	meta_R_AG	pre	0.8798874518172182	0.931558909444911	0.9057231806310646	0.8997774597700489	-0.005945720861015746
sub-07	meta_metaphor	meta_R_AG	post	0.9438780176538684	0.9542430979176094	0.949060557785739	0.944504859875455	-0.0045556979102839845
sub-07	meta_metaphor	meta_R_AG	retrieval	0.5936535906145931	0.7258167258274706	0.6597351582210318	0.6609645706633738	0.0012294124423419817
sub-08	meta_metaphor	meta_R_AG	pre	0.9496125171514658	0.9555377798483822	0.952575148499924	0.9497392459755328	-0.002835902524391143
sub-08	meta_metaphor	meta_R_AG	post	0.926339744320635	0.9172248405421098	0.9217822924313724	0.9133430969436991	-0.008439195487673357
sub-08	meta_metaphor	meta_R_AG	retrieval	0.7185918323373668	0.7298605365222349	0.7242261844298008	0.7235777572617137	-0.0006484271680871068
sub-09	meta_metaphor	meta_R_AG	pre	0.9115660429982553	0.9163877700318016	0.9139769065150285	0.906982044502565	-0.006994862012463465
sub-09	meta_metaphor	meta_R_AG	post	0.9564990656855635	0.9695737419239067	0.9630364038047351	0.9550347973400598	-0.008001606464675293
sub-09	meta_metaphor	meta_R_AG	retrieval	0.7730432451626844	0.7728560031329872	0.7729496241478357	0.7735783481411361	0.0006287239933003841
sub-10	meta_metaphor	meta_R_AG	pre	0.8734560062069349	0.836224686179022	0.8548403461929784	0.8541603416404521	-0.0006800045525263698
sub-10	meta_metaphor	meta_R_AG	post	0.845093400666421	0.8414485224871963	0.8432709615768086	0.8370878060700243	-0.006183155506784277
sub-10	meta_metaphor	meta_R_AG	retrieval	0.8132968183643609	0.6711784632387242	0.7422376408015425	0.746620349836191	0.004382709034648435
sub-11	meta_metaphor	meta_R_AG	pre	0.9508543821190225	0.9154931025464704	0.9331737423327464	0.9288375041444656	-0.004336238188280772
sub-11	meta_metaphor	meta_R_AG	post	0.894541500021968	0.888080666488113	0.8913110832550405	0.888276826142497	-0.003034257112543459
sub-11	meta_metaphor	meta_R_AG	retrieval	0.796616054461149	0.7899593596810318	0.7932877070710904	0.7902771949453259	-0.0030105121257645306
sub-12	meta_metaphor	meta_R_AG	pre	0.9352417174820442	0.9252679729194385	0.9302548452007413	0.9236539412363474	-0.006600903964393945
sub-12	meta_metaphor	meta_R_AG	post	0.9439308078361416	0.9428096747876024	0.943370241311872	0.9402472593755482	-0.0031229819363237654
sub-13	meta_metaphor	meta_R_AG	pre	0.8761621491688341	0.9154101202806639	0.895786134724749	0.8979014055421993	0.002115270817450332
sub-13	meta_metaphor	meta_R_AG	post	0.9101411990361142	0.9269425999245386	0.9185418994803265	0.9177575723146316	-0.0007843271656948758
sub-13	meta_metaphor	meta_R_AG	retrieval	0.7717667683868973	0.7701562923397073	0.7709615303633023	0.7691477772627999	-0.0018137531005023577
sub-14	meta_metaphor	meta_R_AG	pre	0.890716561650295	0.8763887311164462	0.8835526463833706	0.8759812749953781	-0.007571371387992465
sub-14	meta_metaphor	meta_R_AG	post	0.8859625494871113	0.9154480532076742	0.9007053013473927	0.897926565517287	-0.002778735830105683
sub-14	meta_metaphor	meta_R_AG	retrieval	0.835225091011245	0.8407578720876687	0.8379914815494569	0.8376063109589635	-0.00038517059049336666
sub-15	meta_metaphor	meta_R_AG	pre	0.9575873953828516	0.9422000675482636	0.9498937314655576	0.9435399130593849	-0.006353818406172662
sub-15	meta_metaphor	meta_R_AG	post	0.9225046584816147	0.9123132877916986	0.9174089731366566	0.9118294802782326	-0.005579492858423962
sub-15	meta_metaphor	meta_R_AG	retrieval	0.5809090564253282	0.6631129134016376	0.622010984913483	0.623003872614853	0.000992887701370071
sub-16	meta_metaphor	meta_R_AG	pre	0.9136779027514207	0.8616276070008738	0.8876527548761473	0.888905021049674	0.001252266173526695
sub-16	meta_metaphor	meta_R_AG	post	0.9449838517825145	0.9667802852538626	0.9558820685181886	0.9580394638704729	0.0021573953522843192
sub-16	meta_metaphor	meta_R_AG	retrieval	0.8911898644273489	0.8864039445066361	0.8887969044669926	0.8901530666880866	0.001356162221094026
sub-17	meta_metaphor	meta_R_AG	pre	0.9269621725948736	0.9224567263738122	0.9247094494843429	0.9177545581499993	-0.006954891334343571
sub-17	meta_metaphor	meta_R_AG	post	0.8943110003575181	0.9418781655277823	0.9180945829426501	0.9289795907273687	0.01088500778471857
sub-17	meta_metaphor	meta_R_AG	retrieval	0.8705695353093716	0.8238692526723637	0.8472193939908677	0.849871951169442	0.0026525571785743773
sub-18	meta_metaphor	meta_R_AG	pre	0.9888605224857064	0.9957348068876698	0.9922976646866881	0.9882741071032529	-0.0040235575834352
sub-18	meta_metaphor	meta_R_AG	post	0.9749431737355675	0.9423532673657155	0.9586482205506415	0.9974295810078028	0.038781360457161296
sub-18	meta_metaphor	meta_R_AG	retrieval	0.9501711268991816	0.9479657856905994	0.9490684562948906	0.9397961310485903	-0.009272325246300284
sub-19	meta_metaphor	meta_R_AG	pre	0.919684359870024	0.9298155422230016	0.9247499510465127	0.9209134202222875	-0.0038365308242251928
sub-19	meta_metaphor	meta_R_AG	post	0.9338245440105981	0.9236864249344775	0.9287554844725379	0.923750681090296	-0.005004803382241851
sub-19	meta_metaphor	meta_R_AG	retrieval	0.8253448895113903	0.8075672999319209	0.8164560947216556	0.8158619610384992	-0.000594133683156417
sub-20	meta_metaphor	meta_R_AG	pre	0.8814587947256985	0.9084847763704148	0.8949717855480567	0.8900862890209479	-0.00488549652710879
sub-20	meta_metaphor	meta_R_AG	post	0.9729273014811731	0.9528570554273464	0.9628921784542598	0.9698502051213256	0.0069580266670657975
sub-20	meta_metaphor	meta_R_AG	retrieval	0.8699247868571649	0.7788403164461412	0.824382551651653	0.8324653623727305	0.008082810721077527
sub-21	meta_metaphor	meta_R_AG	pre	0.9420255402085354	0.9592505011791432	0.9506380206938393	0.946326280245795	-0.004311740448044277
sub-21	meta_metaphor	meta_R_AG	post	0.8969353503226297	0.9083718791358375	0.9026536147292337	0.8974469512766039	-0.005206663452629767
sub-21	meta_metaphor	meta_R_AG	retrieval	0.7159435907383787	0.7835203374357441	0.7497319640870614	0.7629078823424958	0.013175918255434405
sub-22	meta_metaphor	meta_R_AG	pre	0.8107637554487019	0.8354349084489852	0.8230993319488435	0.817230398152369	-0.005868933796474574
sub-22	meta_metaphor	meta_R_AG	post	0.9305801260766327	0.9393499072451099	0.9349650166608713	0.9279701955720977	-0.006994821088773584
sub-22	meta_metaphor	meta_R_AG	retrieval	0.7315403677968378	0.831054453471854	0.781297410634346	0.7946606299636091	0.013363219329263099
sub-23	meta_metaphor	meta_R_AG	pre	0.9531978922906267	0.9290278807853001	0.9411128865379634	0.9419586750847792	0.0008457885468157178
sub-23	meta_metaphor	meta_R_AG	post	0.9490898535148666	0.9475166719897278	0.9483032627522971	0.9498290300576304	0.0015257673053332699
sub-24	meta_metaphor	meta_R_AG	pre	0.901132288305565	0.840635176788479	0.870883732547022	0.8645752421458724	-0.006308490401149558
sub-24	meta_metaphor	meta_R_AG	post	0.9655638271005839	0.9487971832619698	0.9571805051812768	0.9555268047169857	-0.0016537004642911413
sub-24	meta_metaphor	meta_R_AG	retrieval	0.8605012478937059	0.9030477096070986	0.8817744787504023	0.8781677037375377	-0.0036067750128645493
sub-25	meta_metaphor	meta_R_AG	pre	0.7277471520453052	0.7881649002122085	0.7579560261287568	0.7563162889672802	-0.0016397371614765843
sub-25	meta_metaphor	meta_R_AG	post	0.8670878166167837	0.8871306824402406	0.8771092495285122	0.877813661346998	0.000704411818485795
sub-25	meta_metaphor	meta_R_AG	retrieval	0.8222775675283334	0.8697849985594808	0.8460312830439071	0.8544506547384481	0.008419371694540989
sub-26	meta_metaphor	meta_R_AG	pre	0.8843841717606611	0.8008117217017617	0.8425979467312115	0.8406397847460498	-0.0019581619851616328
sub-26	meta_metaphor	meta_R_AG	post	0.8836491595042244	0.8995677787145767	0.8916084691094006	0.8838097547508413	-0.007798714358559278
sub-26	meta_metaphor	meta_R_AG	retrieval	0.8731499764729274	0.9092612398303371	0.8912056081516322	0.8854905250142819	-0.005715083137350252
sub-27	meta_metaphor	meta_R_AG	pre	0.9450378295986522	0.9418206658059131	0.9434292477022826	0.9383467806120092	-0.00508246709027349
sub-27	meta_metaphor	meta_R_AG	post	0.9877939095323297	0.9563482668579923	0.9720710881951611	0.9741399341473322	0.002068845952171161
sub-27	meta_metaphor	meta_R_AG	retrieval	0.9680572477800449	0.9638377103275996	0.9659474790538223	0.9670250578773786	0.0010775788235563022
sub-28	meta_metaphor	meta_R_AG	pre	0.8387403049309692	0.8159688196072493	0.8273545622691092	0.8208342387437094	-0.006520323525399774
sub-28	meta_metaphor	meta_R_AG	post	0.8912217626806094	0.9392122460864248	0.915217004383517	0.9101809493325252	-0.005036055050991806
sub-28	meta_metaphor	meta_R_AG	retrieval	0.6835952532777012	0.6789577967030719	0.6812765249903865	0.6767663692610874	-0.004510155729299137
sub-01	meta_metaphor	meta_R_IFG	pre	0.9024886487156005	0.8831359063230286	0.8928122775193146	0.8900892751925199	-0.002723002326794677
sub-01	meta_metaphor	meta_R_IFG	post	0.9126048778004416	0.8506405454237265	0.881622711612084	0.881616267483389	-6.444128695104467e-06
sub-01	meta_metaphor	meta_R_IFG	retrieval	0.6545655579969767	0.7118614760796301	0.6832135170383034	0.6775686993125023	-0.0056448177258010546
sub-02	meta_metaphor	meta_R_IFG	pre	0.7816946615586499	0.8193931592983912	0.8005439104285206	0.797549376245718	-0.0029945341828025995
sub-02	meta_metaphor	meta_R_IFG	post	0.9060036846342852	0.9312094250016252	0.9186065548179552	0.9151077472925829	-0.0034988075253722384
sub-02	meta_metaphor	meta_R_IFG	retrieval	0.7460624787373347	0.7964382781995303	0.7712503784684325	0.7649750805559197	-0.0062752979125128006
sub-03	meta_metaphor	meta_R_IFG	pre	0.9171665635612957	0.8624488789948613	0.8898077212780785	0.8931286135764104	0.003320892298331879
sub-03	meta_metaphor	meta_R_IFG	post	0.8157006251371732	0.798227424769609	0.8069640249533911	0.8071889280751912	0.00022490312180001304
sub-03	meta_metaphor	meta_R_IFG	retrieval	0.416433128857778	0.4707062809215839	0.44356970488968095	0.44167291736876646	-0.001896787520914489
sub-04	meta_metaphor	meta_R_IFG	pre	0.9479541077114149	0.9318178488498663	0.9398859782806406	0.9321974813068259	-0.007688496973814685
sub-04	meta_metaphor	meta_R_IFG	post	0.9342982244311743	0.9023150981399612	0.9183066612855677	0.9149211229323644	-0.003385538353203321
sub-04	meta_metaphor	meta_R_IFG	retrieval	0.9396853418237816	0.9197202493469422	0.9297027955853618	0.9335664704279129	0.0038636748425510126
sub-05	meta_metaphor	meta_R_IFG	pre	0.8019440627641945	0.8564965470221683	0.8292203048931814	0.8301798738751541	0.0009595689819726916
sub-05	meta_metaphor	meta_R_IFG	post	0.8097578524566067	0.8316808688871024	0.8207193606718546	0.817139387250822	-0.0035799734210325562
sub-05	meta_metaphor	meta_R_IFG	retrieval	0.870940680352313	0.8877500901556095	0.8793453852539612	0.8791812972135606	-0.00016408804040057845
sub-06	meta_metaphor	meta_R_IFG	pre	0.8093984580266078	0.798786913228043	0.8040926856273254	0.801341627219216	-0.002751058408109408
sub-06	meta_metaphor	meta_R_IFG	post	0.8370496306316364	0.8747355183502746	0.8558925744909556	0.8581204318005182	0.002227857309562653
sub-06	meta_metaphor	meta_R_IFG	retrieval	0.8970463649501975	0.903450690724289	0.9002485278372432	0.9015624114357906	0.0013138835985474495
sub-07	meta_metaphor	meta_R_IFG	pre	0.9069471937402077	0.9158493962711641	0.9113982950056859	0.9047026646765806	-0.006695630329105362
sub-07	meta_metaphor	meta_R_IFG	post	0.8469455047414661	0.8681958524743626	0.8575706786079144	0.8584947669105402	0.0009240883026258029
sub-07	meta_metaphor	meta_R_IFG	retrieval	0.6623525676474334	0.7275371583812444	0.6949448630143389	0.6901116632266837	-0.0048331997876551736
sub-08	meta_metaphor	meta_R_IFG	pre	0.8787651666164523	0.8473603579243014	0.8630627622703768	0.8675011770413001	0.004438414770923327
sub-08	meta_metaphor	meta_R_IFG	post	0.8885933705295981	0.7936976199818019	0.8411454952557	0.8440419389065525	0.0028964436508525093
sub-08	meta_metaphor	meta_R_IFG	retrieval	0.8636267749102131	0.8402076169293398	0.8519171959197764	0.8474172105940748	-0.0044999853257016165
sub-09	meta_metaphor	meta_R_IFG	pre	0.919193285996084	0.9443601862860286	0.9317767361410563	0.9306862168829658	-0.00109051925809045
sub-09	meta_metaphor	meta_R_IFG	post	0.9360703079081524	0.9278165938079291	0.9319434508580408	0.925587051526424	-0.006356399331616802
sub-09	meta_metaphor	meta_R_IFG	retrieval	0.8117081387110615	0.7958172674359679	0.8037627030735147	0.8034655447063812	-0.00029715836713350985
sub-10	meta_metaphor	meta_R_IFG	pre	0.9014858029182884	0.8625467124614105	0.8820162576898494	0.8865796162011846	0.004563358511335269
sub-10	meta_metaphor	meta_R_IFG	post	0.7789333695756888	0.7086073021443601	0.7437703358600245	0.7420843609267002	-0.0016859749333243412
sub-10	meta_metaphor	meta_R_IFG	retrieval	0.8940055591599421	0.8094340766800318	0.851719817919987	0.8480034957219051	-0.003716322198081823
sub-11	meta_metaphor	meta_R_IFG	pre	0.844055307324119	0.8381811433651184	0.8411182253446188	0.8326024185362334	-0.008515806808385373
sub-11	meta_metaphor	meta_R_IFG	post	0.911300276590467	0.886889644842049	0.8990949607162579	0.8900601822779199	-0.009034778438337998
sub-11	meta_metaphor	meta_R_IFG	retrieval	0.6091104717358974	0.5776283907871965	0.593369431261547	0.598878840355994	0.005509409094447082
sub-12	meta_metaphor	meta_R_IFG	pre	0.8704828941223326	0.8175777506790657	0.8440303224006991	0.8416746277074636	-0.0023556946932354883
sub-12	meta_metaphor	meta_R_IFG	post	0.9059724413605019	0.9202134096996994	0.9130929255301007	0.9071074622123886	-0.005985463317712103
sub-13	meta_metaphor	meta_R_IFG	pre	0.8535304268085023	0.7955730619680971	0.8245517443882997	0.8215966450873763	-0.002955099300923414
sub-13	meta_metaphor	meta_R_IFG	post	0.8776252415937322	0.9195861638195324	0.8986057027066323	0.9071631582519847	0.008557455545352366
sub-13	meta_metaphor	meta_R_IFG	retrieval	0.7900358234315397	0.8415538332885522	0.8157948283600459	0.82542703224473	0.00963220388468411
sub-14	meta_metaphor	meta_R_IFG	pre	0.961384122000205	0.9168193517230152	0.9391017368616101	0.9382718126272589	-0.0008299242343512425
sub-14	meta_metaphor	meta_R_IFG	post	0.8738950792992465	0.865835138689622	0.8698651089944343	0.8641671926450769	-0.005697916349357346
sub-14	meta_metaphor	meta_R_IFG	retrieval	0.5653551391319764	0.48214956944555554	0.523752354288766	0.5230021354643241	-0.0007502188244419283
sub-15	meta_metaphor	meta_R_IFG	pre	0.8379132851339834	0.8414901712004474	0.8397017281672154	0.8347292190699626	-0.004972509097252886
sub-15	meta_metaphor	meta_R_IFG	post	0.9075013819393394	0.9008500380394703	0.9041757099894048	0.902326147415432	-0.0018495625739727295
sub-15	meta_metaphor	meta_R_IFG	retrieval	0.5965322480844126	0.5716352621543205	0.5840837551193665	0.5817617801965762	-0.002321974922790293
sub-16	meta_metaphor	meta_R_IFG	pre	0.9413072358777809	0.8552528270932067	0.8982800314854937	0.908489413167504	0.010209381682010243
sub-16	meta_metaphor	meta_R_IFG	post	0.948565779127642	0.945350023717574	0.9469579014226079	0.9399872707670592	-0.006970630655548704
sub-16	meta_metaphor	meta_R_IFG	retrieval	0.8801371942922618	0.9501745042322943	0.915155849262278	0.9148669702081503	-0.00028887905412766646
sub-17	meta_metaphor	meta_R_IFG	pre	0.8773893223899105	0.873027132876727	0.8752082276333187	0.8767159404974258	0.0015077128641071136
sub-17	meta_metaphor	meta_R_IFG	post	0.817569718252785	0.8719853080005078	0.8447775131266464	0.8414260001569503	-0.0033515129696960466
sub-17	meta_metaphor	meta_R_IFG	retrieval	0.9304655269358167	0.9026536556684032	0.91655959130211	0.9095670205953591	-0.006992570706750856
sub-18	meta_metaphor	meta_R_IFG	pre	0.9550591166820249	0.9941890263364489	0.9746240715092369	0.976992151713315	0.0023680802040780824
sub-18	meta_metaphor	meta_R_IFG	post	0.9905011589543425	0.9271676822336047	0.9588344205939736	0.9691670084646254	0.010332587870651833
sub-18	meta_metaphor	meta_R_IFG	retrieval	0.9590244759159172	0.9764093454160331	0.9677169106659751	0.9612890296661682	-0.006427880999806845
sub-19	meta_metaphor	meta_R_IFG	pre	0.9366799907427604	0.9404665545173366	0.9385732726300485	0.9314815742197982	-0.007091698410250369
sub-19	meta_metaphor	meta_R_IFG	post	0.9661174282853838	0.8740780757669243	0.9200977520261541	0.9405744569144886	0.02047670488833453
sub-19	meta_metaphor	meta_R_IFG	retrieval	0.8639114216422369	0.8352629277048117	0.8495871746735243	0.8493362614633417	-0.0002509132101825573
sub-20	meta_metaphor	meta_R_IFG	pre	0.9201160563465226	0.9123413903785763	0.9162287233625495	0.9194798385774245	0.003251115214875089
sub-20	meta_metaphor	meta_R_IFG	post	0.870790307905934	0.8797869967960411	0.8752886523509875	0.8758590365677428	0.0005703842167552597
sub-20	meta_metaphor	meta_R_IFG	retrieval	0.7619856789119321	0.6994837572657955	0.7307347180888638	0.7322354754304929	0.001500757341629133
sub-21	meta_metaphor	meta_R_IFG	pre	0.8719221571896877	0.9413949374309106	0.9066585473102992	0.9145644995017234	0.007905952191424204
sub-21	meta_metaphor	meta_R_IFG	post	0.7360022313520973	0.7107150829679006	0.723358657159999	0.7192965908506611	-0.0040620663093379195
sub-21	meta_metaphor	meta_R_IFG	retrieval	0.7890351234568914	0.8412971990593822	0.8151661612581368	0.8117710597839125	-0.0033951014742242824
sub-22	meta_metaphor	meta_R_IFG	pre	0.9140157372309425	0.889611622211969	0.9018136797214558	0.8961241253166359	-0.005689554404819885
sub-22	meta_metaphor	meta_R_IFG	post	0.9582484644362319	0.9607643780722943	0.9595064212542631	0.9559160010735412	-0.003590420180721865
sub-22	meta_metaphor	meta_R_IFG	retrieval	0.7982381228218511	0.7939573416988652	0.7960977322603582	0.7881944780934376	-0.007903254166920615
sub-23	meta_metaphor	meta_R_IFG	pre	0.9327610178109208	0.946352312033901	0.939556664922411	0.9328134556115654	-0.006743209310845599
sub-23	meta_metaphor	meta_R_IFG	post	0.9742450748668399	0.9459468326556756	0.9600959537612577	0.9561416044878753	-0.0039543492733823404
sub-24	meta_metaphor	meta_R_IFG	pre	0.9656539715024439	0.9222270118465861	0.943940491674515	0.9536330424343784	0.009692550759863416
sub-24	meta_metaphor	meta_R_IFG	post	0.9762280091838014	0.9616766510100955	0.9689523300969485	0.9821102489749999	0.0131579188780514
sub-24	meta_metaphor	meta_R_IFG	retrieval	0.9201554068486381	0.9320310402605322	0.9260932235545851	0.9198386232947758	-0.006254600259809284
sub-25	meta_metaphor	meta_R_IFG	pre	0.920347182790253	0.877747826675101	0.8990475047326769	0.8955223825833558	-0.0035251221493211027
sub-25	meta_metaphor	meta_R_IFG	post	0.81788433946226	0.8877132301148826	0.8527987847885713	0.8561555580678336	0.003356773279262315
sub-25	meta_metaphor	meta_R_IFG	retrieval	0.6282155240643649	0.6274392442619556	0.6278273841631603	0.6256520931650114	-0.0021752909981489488
sub-26	meta_metaphor	meta_R_IFG	pre	0.9590050992354393	0.9618343895658225	0.9604197444006308	0.9534925331715586	-0.00692721122907225
sub-26	meta_metaphor	meta_R_IFG	post	0.9636938217331823	0.969617164465884	0.9666554930995331	0.9695763234620692	0.0029208303625360976
sub-26	meta_metaphor	meta_R_IFG	retrieval	0.6746027244103946	0.7709650077253041	0.7227838660678494	0.7186550860495333	-0.0041287800183160694
sub-27	meta_metaphor	meta_R_IFG	pre	0.9406451819056493	0.9557453399145844	0.9481952609101169	0.9412232757000802	-0.006971985210036613
sub-27	meta_metaphor	meta_R_IFG	post	0.9805636557415512	0.8975074883558135	0.9390355720486824	0.9522959379595528	0.01326036591087043
sub-27	meta_metaphor	meta_R_IFG	retrieval	0.983083426694751	0.9611841001732943	0.9721337634340226	0.9810340193889557	0.008900255954933156
sub-28	meta_metaphor	meta_R_IFG	pre	0.7281937525818087	0.7325881701027539	0.7303909613422813	0.726159184661484	-0.004231776680797328
sub-28	meta_metaphor	meta_R_IFG	post	0.9409108796079898	0.936347711736977	0.9386292956724833	0.9342609251176802	-0.004368370554803103
sub-28	meta_metaphor	meta_R_IFG	retrieval	0.8355389708605275	0.85783238367088	0.8466856772657038	0.8455877853558708	-0.0010978919098330042
sub-01	meta_metaphor	meta_R_pMTG_pSTS	pre	0.815213255138311	0.8542344017904715	0.8347238284643912	0.8327288360362901	-0.0019949924281010833
sub-01	meta_metaphor	meta_R_pMTG_pSTS	post	0.8616092090727987	0.8173082338903395	0.8394587214815691	0.8389096093496126	-0.0005491121319565195
sub-01	meta_metaphor	meta_R_pMTG_pSTS	retrieval	0.7864792126281582	0.8463436808064192	0.8164114467172887	0.8148167449715328	-0.0015947017457559332
sub-02	meta_metaphor	meta_R_pMTG_pSTS	pre	0.7746947835705803	0.8198738500383433	0.7972843168044619	0.7938325547435771	-0.003451762060884822
sub-02	meta_metaphor	meta_R_pMTG_pSTS	post	0.8278084607502063	0.7843947077351827	0.8061015842426945	0.8059722481049353	-0.00012933613775922836
sub-02	meta_metaphor	meta_R_pMTG_pSTS	retrieval	0.6525347202944687	0.6059034626193167	0.6292190914568927	0.6266701102479679	-0.002548981208924772
sub-03	meta_metaphor	meta_R_pMTG_pSTS	pre	0.8183552876334109	0.7668183607787123	0.7925868242060616	0.7882894766357184	-0.0042973475703432795
sub-03	meta_metaphor	meta_R_pMTG_pSTS	post	0.9137183759588237	0.9247515566452325	0.9192349663020281	0.9315457258630303	0.012310759561002249
sub-03	meta_metaphor	meta_R_pMTG_pSTS	retrieval	0.6626771446679511	0.6799025461117056	0.6712898453898284	0.66770203521768	-0.0035878101721483757
sub-04	meta_metaphor	meta_R_pMTG_pSTS	pre	0.975071968852573	0.9566318364056122	0.9658519026290926	0.9613755006773733	-0.004476401951719278
sub-04	meta_metaphor	meta_R_pMTG_pSTS	post	0.9106090182790916	0.8948587120072582	0.9027338651431749	0.895731133039195	-0.007002732103979836
sub-04	meta_metaphor	meta_R_pMTG_pSTS	retrieval	0.8186119034904362	0.7789626395360564	0.7987872715132462	0.7938639713239599	-0.004923300189286328
sub-05	meta_metaphor	meta_R_pMTG_pSTS	pre	0.9033519285743944	0.917882619039666	0.9106172738070302	0.9106655495118473	4.827570481713561e-05
sub-05	meta_metaphor	meta_R_pMTG_pSTS	post	0.7811204719382278	0.8076105366139844	0.7943655042761061	0.7894370668109878	-0.004928437465118285
sub-05	meta_metaphor	meta_R_pMTG_pSTS	retrieval	0.8354847121902419	0.847035744911568	0.841260228550905	0.8370539277353338	-0.004206300815571162
sub-06	meta_metaphor	meta_R_pMTG_pSTS	pre	0.9462298832796393	0.9557851577584137	0.9510075205190265	0.9437325272090002	-0.007274993310026234
sub-06	meta_metaphor	meta_R_pMTG_pSTS	post	0.8555500673334661	0.7465511901707862	0.8010506287521262	0.8109865399149142	0.009935911162788025
sub-06	meta_metaphor	meta_R_pMTG_pSTS	retrieval	0.6567397646421037	0.7028103498464405	0.6797750572442721	0.6746921941238305	-0.005082863120441594
sub-07	meta_metaphor	meta_R_pMTG_pSTS	pre	0.9008127713791899	0.8718157445754631	0.8863142579773264	0.880943881274252	-0.0053703767030743865
sub-07	meta_metaphor	meta_R_pMTG_pSTS	post	0.8234872525694231	0.8527675797270291	0.8381274161482262	0.8324495027067257	-0.005677913441500482
sub-07	meta_metaphor	meta_R_pMTG_pSTS	retrieval	0.6944373657469729	0.7318291370896338	0.7131332514183033	0.7074505889480043	-0.005682662470299027
sub-08	meta_metaphor	meta_R_pMTG_pSTS	pre	0.8484043718872293	0.8252967137250318	0.8368505428061306	0.8338005553179715	-0.0030499874881591005
sub-08	meta_metaphor	meta_R_pMTG_pSTS	post	0.9601310181505391	0.9517268516894245	0.9559289349199818	0.9519808608425514	-0.0039480740774303635
sub-08	meta_metaphor	meta_R_pMTG_pSTS	retrieval	0.8935736158320136	0.8707365987019019	0.8821551072669578	0.8916668921544186	0.00951178488746085
sub-09	meta_metaphor	meta_R_pMTG_pSTS	pre	0.8115503771223794	0.8300291532033884	0.8207897651628839	0.8152544295682845	-0.0055353355945994
sub-09	meta_metaphor	meta_R_pMTG_pSTS	post	0.9519139017313728	0.9201532334594339	0.9360335675954033	0.9396736689108949	0.0036401013154915285
sub-09	meta_metaphor	meta_R_pMTG_pSTS	retrieval	0.732829997035561	0.559750337176067	0.646290167105814	0.6533651140153011	0.007074946909487068
sub-10	meta_metaphor	meta_R_pMTG_pSTS	pre	0.8298146701524564	0.8016883024916192	0.8157514863220378	0.808956455636764	-0.006795030685273762
sub-10	meta_metaphor	meta_R_pMTG_pSTS	post	0.9025023543404005	0.8444588855105897	0.8734806199254951	0.869468004292684	-0.0040126156328110785
sub-10	meta_metaphor	meta_R_pMTG_pSTS	retrieval	0.8017928472202956	0.7060634194917874	0.7539281333560415	0.7566528543743847	0.0027247210183432014
sub-11	meta_metaphor	meta_R_pMTG_pSTS	pre	0.7909116270883797	0.7728869343402733	0.7818992807143266	0.7751010245892568	-0.00679825612506979
sub-11	meta_metaphor	meta_R_pMTG_pSTS	post	0.9340469850626266	0.9161345165854586	0.9250907508240427	0.9194895910737467	-0.005601159750295959
sub-11	meta_metaphor	meta_R_pMTG_pSTS	retrieval	0.8542573502871394	0.8525652503001239	0.8534113002936317	0.845788379994405	-0.007622920299226621
sub-12	meta_metaphor	meta_R_pMTG_pSTS	pre	0.9017079518177156	0.8497247417422943	0.8757163467800049	0.8734335857215483	-0.002282761058456595
sub-12	meta_metaphor	meta_R_pMTG_pSTS	post	0.8640853433926206	0.8991258025550249	0.8816055729738228	0.8787907604320078	-0.002814812541815037
sub-13	meta_metaphor	meta_R_pMTG_pSTS	pre	0.8101117960226325	0.838440551388356	0.8242761737054942	0.8381387101187224	0.01386253641322821
sub-13	meta_metaphor	meta_R_pMTG_pSTS	post	0.8932096379172002	0.9452387431408036	0.919224190529002	0.9200186916905718	0.0007945011615698716
sub-13	meta_metaphor	meta_R_pMTG_pSTS	retrieval	0.851491771774566	0.806465903525592	0.8289788376500791	0.8358854003707465	0.006906562720667475
sub-14	meta_metaphor	meta_R_pMTG_pSTS	pre	0.8899616582593791	0.9202118510104647	0.9050867546349219	0.9089959907308095	0.003909236095887558
sub-14	meta_metaphor	meta_R_pMTG_pSTS	post	0.8959129071519926	0.8930503631233252	0.8944816351376589	0.8871612271605717	-0.007320407977087218
sub-14	meta_metaphor	meta_R_pMTG_pSTS	retrieval	0.6961660825599266	0.6975463904118864	0.6968562364859066	0.6959891828543825	-0.0008670536315240618
sub-15	meta_metaphor	meta_R_pMTG_pSTS	pre	0.9660403590934722	0.9720476101276027	0.9690439846105374	0.9729625270349287	0.003918542424391269
sub-15	meta_metaphor	meta_R_pMTG_pSTS	post	0.89404462005125	0.9104097873919954	0.9022272037216227	0.8936230927913786	-0.008604110930244047
sub-15	meta_metaphor	meta_R_pMTG_pSTS	retrieval	0.5626794329042949	0.49811519414263317	0.5303973135234641	0.5369822108878402	0.006584897364376063
sub-16	meta_metaphor	meta_R_pMTG_pSTS	pre	0.9325449840055026	0.8909458135747087	0.9117453987901056	0.919689992952455	0.007944594162349383
sub-16	meta_metaphor	meta_R_pMTG_pSTS	post	0.9431892600335565	0.8845260413050788	0.9138576506693177	0.9281801733406667	0.014322522671349036
sub-16	meta_metaphor	meta_R_pMTG_pSTS	retrieval	0.951952427787547	0.9375762621590596	0.9447643449733033	0.9436370405543947	-0.0011273044189086256
sub-17	meta_metaphor	meta_R_pMTG_pSTS	pre	0.8622471815817694	0.8557688167699057	0.8590079991758375	0.8572518919055055	-0.0017561072703319303
sub-17	meta_metaphor	meta_R_pMTG_pSTS	post	0.9600611099077493	0.9689390349421184	0.9645000724249339	0.9617001109972998	-0.0027999614276340568
sub-17	meta_metaphor	meta_R_pMTG_pSTS	retrieval	0.746058948208149	0.7630572877488558	0.7545581179785024	0.7514829787969911	-0.003075139181511255
sub-18	meta_metaphor	meta_R_pMTG_pSTS	pre	0.9753976160717663	0.9968770780726814	0.9861373470722239	0.9857367700993872	-0.0004005769728366859
sub-18	meta_metaphor	meta_R_pMTG_pSTS	post	0.9907238838539162	0.9845004594064615	0.9876121716301889	0.9974592852787301	0.009847113648541184
sub-18	meta_metaphor	meta_R_pMTG_pSTS	retrieval	0.9486177794493758	0.9510155200721555	0.9498166497607656	0.9429932955136705	-0.006823354247095126
sub-19	meta_metaphor	meta_R_pMTG_pSTS	pre	0.8528536417699835	0.8596927375258607	0.8562731896479221	0.8513319331421971	-0.004941256505724967
sub-19	meta_metaphor	meta_R_pMTG_pSTS	post	0.9257533633560845	0.9038813891779826	0.9148173762670335	0.9277922364048115	0.012974860137777933
sub-19	meta_metaphor	meta_R_pMTG_pSTS	retrieval	0.8269193572779345	0.8182244470211262	0.8225719021495304	0.8261821421664786	0.0036102400169482074
sub-20	meta_metaphor	meta_R_pMTG_pSTS	pre	0.7698405189229987	0.8348120738760013	0.8023262963994999	0.8003321156133626	-0.001994180786137334
sub-20	meta_metaphor	meta_R_pMTG_pSTS	post	0.9101522367850775	0.8790200976849822	0.8945861672350299	0.8961802453310534	0.0015940780960235212
sub-20	meta_metaphor	meta_R_pMTG_pSTS	retrieval	0.8314090265661362	0.810285437808245	0.8208472321871907	0.8186477469381038	-0.0021994852490868633
sub-21	meta_metaphor	meta_R_pMTG_pSTS	pre	0.9094908420516217	0.9412175058663655	0.9253541739589937	0.9248955283399704	-0.00045864561902331236
sub-21	meta_metaphor	meta_R_pMTG_pSTS	post	0.9448888654086586	0.9405614614584754	0.9427251634335669	0.9362201621871192	-0.006505001246447706
sub-21	meta_metaphor	meta_R_pMTG_pSTS	retrieval	0.8224468437190527	0.8195027772258408	0.8209748104724468	0.8151262998397857	-0.005848510632661119
sub-22	meta_metaphor	meta_R_pMTG_pSTS	pre	0.912419479563866	0.9281240965456293	0.9202717880547477	0.9173531693803021	-0.00291861867444565
sub-22	meta_metaphor	meta_R_pMTG_pSTS	post	0.9331093605141089	0.929810621733168	0.9314599911236384	0.9377722833285926	0.006312292204954217
sub-22	meta_metaphor	meta_R_pMTG_pSTS	retrieval	0.8084129480912808	0.8212427432438537	0.8148278456675673	0.82423958642476	0.009411740757192755
sub-23	meta_metaphor	meta_R_pMTG_pSTS	pre	0.9604100294445148	0.9211214674665914	0.9407657484555532	0.9393944442799181	-0.0013713041756350242
sub-23	meta_metaphor	meta_R_pMTG_pSTS	post	0.9535554230733174	0.9487288549101426	0.9511421389917301	0.9514952540491428	0.00035311505741275617
sub-24	meta_metaphor	meta_R_pMTG_pSTS	pre	0.9579801666603188	0.9347068583387552	0.946343512499537	0.940547942853074	-0.005795569646462995
sub-24	meta_metaphor	meta_R_pMTG_pSTS	post	0.9898805323169353	0.9332964977563997	0.9615885150366674	0.9718547462092468	0.01026623117257941
sub-24	meta_metaphor	meta_R_pMTG_pSTS	retrieval	0.8905175634920522	0.8896323235459443	0.8900749435189983	0.8834715731175337	-0.006603370401464637
sub-25	meta_metaphor	meta_R_pMTG_pSTS	pre	0.7124365396479824	0.7264403068168286	0.7194384232324055	0.7194354846193084	-2.9386130970809887e-06
sub-25	meta_metaphor	meta_R_pMTG_pSTS	post	0.8865489335108279	0.9103173509345422	0.898433142222685	0.900373020348364	0.0019398781256789732
sub-25	meta_metaphor	meta_R_pMTG_pSTS	retrieval	0.807862813529998	0.7888710694327967	0.7983669414813974	0.7955429972340005	-0.002823944247396959
sub-26	meta_metaphor	meta_R_pMTG_pSTS	pre	0.7762393488871849	0.7591265209141415	0.7676829349006632	0.7665720186994406	-0.0011109162012226115
sub-26	meta_metaphor	meta_R_pMTG_pSTS	post	0.8240877141113724	0.8401088852562845	0.8320982996838284	0.8284231806258491	-0.003675119057979348
sub-26	meta_metaphor	meta_R_pMTG_pSTS	retrieval	0.7769967066692248	0.8255384119943325	0.8012675593317786	0.7964281268809339	-0.004839432450844727
sub-27	meta_metaphor	meta_R_pMTG_pSTS	pre	0.9679419965618128	0.9614801291840993	0.964711062872956	0.9594256980933679	-0.005285364779588186
sub-27	meta_metaphor	meta_R_pMTG_pSTS	post	0.9657385838040375	0.933279511662138	0.9495090477330878	0.9425707624444531	-0.006938285288634605
sub-27	meta_metaphor	meta_R_pMTG_pSTS	retrieval	0.9672396499753562	0.9569941273298411	0.9621168886525986	0.9578683644829161	-0.004248524169682466
sub-28	meta_metaphor	meta_R_pMTG_pSTS	pre	0.8203670335816414	0.7646127377126817	0.7924898856471616	0.7934486482315859	0.0009587625844242886
sub-28	meta_metaphor	meta_R_pMTG_pSTS	post	0.9399122991360542	0.8971460419363121	0.9185291705361831	0.9147821050026634	-0.0037470655335196668
sub-28	meta_metaphor	meta_R_pMTG_pSTS	retrieval	0.800120153805477	0.8293102241645525	0.8147151889850147	0.813603363307427	-0.0011118256775877189
sub-01	meta_metaphor	meta_R_temporal_pole	pre	0.7412658395418509	0.8104515682358185	0.7758587038888347	0.7770281974951715	0.00116949360633678
sub-01	meta_metaphor	meta_R_temporal_pole	post	0.7717245986541654	0.7657492715467462	0.7687369351004558	0.763381354176589	-0.005355580923866787
sub-01	meta_metaphor	meta_R_temporal_pole	retrieval	0.5855945567128842	0.7617936962625036	0.6736941264876939	0.6821280567409767	0.008433930253282762
sub-02	meta_metaphor	meta_R_temporal_pole	pre	0.9550385863095889	0.9522309115378794	0.9536347489237342	0.9623650797744718	0.0087303308507376
sub-02	meta_metaphor	meta_R_temporal_pole	post	0.9245540477752638	0.8878509775781857	0.9062025126767248	0.9087459771329746	0.0025434644562497555
sub-02	meta_metaphor	meta_R_temporal_pole	retrieval	0.8193711005298552	0.7849365885363878	0.8021538445331216	0.8292836512027438	0.02712980666962228
sub-03	meta_metaphor	meta_R_temporal_pole	pre	0.9113227422611432	0.9085653736647746	0.909944057962959	0.9180249192209061	0.008080861257947158
sub-03	meta_metaphor	meta_R_temporal_pole	post	0.7429637478393335	0.8605029059226839	0.8017333268810087	0.8061947234199708	0.004461396538962048
sub-03	meta_metaphor	meta_R_temporal_pole	retrieval	0.7678391551446786	0.8401116281404564	0.8039753916425675	0.7993854912455245	-0.00458990039704299
sub-04	meta_metaphor	meta_R_temporal_pole	pre	0.9899977402450472	0.9569181336483987	0.9734579369467229	0.9689291778604976	-0.004528759086225298
sub-04	meta_metaphor	meta_R_temporal_pole	post	0.9570049519408276	0.9122166246017829	0.9346107882713053	0.9379501145319442	0.0033393262606389307
sub-04	meta_metaphor	meta_R_temporal_pole	retrieval	0.9210305653968603	0.9292763266262875	0.9251534460115739	0.9192106226929044	-0.005942823318669466
sub-05	meta_metaphor	meta_R_temporal_pole	pre	0.8898185750196664	0.8829112061704284	0.8863648905950474	0.8844223717330696	-0.0019425188619778266
sub-05	meta_metaphor	meta_R_temporal_pole	post	0.8470195374694311	0.8546495096372352	0.8508345235533332	0.8425253525477144	-0.008309171005618787
sub-05	meta_metaphor	meta_R_temporal_pole	retrieval	0.6717079016682683	0.6054516534285216	0.638579777548395	0.6344446973885546	-0.004135080159840432
sub-06	meta_metaphor	meta_R_temporal_pole	pre	0.7319873865082698	0.7744758957400334	0.7532316411241515	0.7564631322561176	0.00323149113196608
sub-06	meta_metaphor	meta_R_temporal_pole	post	0.8597586646486391	0.8535693909056365	0.8566640277771378	0.8476756944792336	-0.00898833329790416
sub-06	meta_metaphor	meta_R_temporal_pole	retrieval	0.9184387798999786	0.889317086920709	0.9038779334103437	0.8943609905793836	-0.009516942830960162
sub-07	meta_metaphor	meta_R_temporal_pole	pre	0.8282595640234985	0.8615129781613454	0.844886271092422	0.8380763248528723	-0.006809946239549669
sub-07	meta_metaphor	meta_R_temporal_pole	post	0.9663174292902307	0.9634784996419126	0.9648979644660716	0.9630295477912814	-0.0018684166747902076
sub-07	meta_metaphor	meta_R_temporal_pole	retrieval	0.5495669401722838	0.7482483192885522	0.6489076297304179	0.6588170100085788	0.009909380278160906
sub-08	meta_metaphor	meta_R_temporal_pole	pre	0.7876907212166327	0.7354110471382426	0.7615508841774377	0.7543376119758547	-0.007213272201582965
sub-08	meta_metaphor	meta_R_temporal_pole	post	0.7100241766121341	0.5975791680302507	0.6538016723211924	0.6497139509961563	-0.004087721325036098
sub-08	meta_metaphor	meta_R_temporal_pole	retrieval	0.8921503079047812	0.8826444433736831	0.8873973756392322	0.8849209311998445	-0.0024764444393876595
sub-09	meta_metaphor	meta_R_temporal_pole	pre	0.9585666606778419	0.9817193137300365	0.9701429872039392	0.9670241591340568	-0.0031188280698823956
sub-09	meta_metaphor	meta_R_temporal_pole	post	0.8831195802917126	0.9738813885056962	0.9285004843987044	0.9342631078355061	0.005762623436801784
sub-09	meta_metaphor	meta_R_temporal_pole	retrieval	0.6636156803702724	0.5558871605497622	0.6097514204600173	0.6118089464719746	0.0020575260119573002
sub-10	meta_metaphor	meta_R_temporal_pole	pre	0.8319244419589642	0.802642415440278	0.8172834286996211	0.813943149393204	-0.0033402793064171155
sub-10	meta_metaphor	meta_R_temporal_pole	post	0.9233358237440719	0.9169314258371836	0.9201336247906278	0.9248743238208675	0.00474069903023977
sub-10	meta_metaphor	meta_R_temporal_pole	retrieval	0.8463289641803711	0.7808771475544514	0.8136030558674112	0.8119847964317254	-0.0016182594356858315
sub-11	meta_metaphor	meta_R_temporal_pole	pre	0.8587261045318348	0.7874104346284941	0.8230682695801645	0.822460104685649	-0.0006081648945155393
sub-11	meta_metaphor	meta_R_temporal_pole	post	0.8654866965840274	0.8400721716385401	0.8527794341112838	0.850315109535735	-0.002464324575548793
sub-11	meta_metaphor	meta_R_temporal_pole	retrieval	0.6125757476272694	0.4923192591610582	0.5524475033941638	0.5588283047831595	0.0063808013889956605
sub-12	meta_metaphor	meta_R_temporal_pole	pre	0.8694350290649467	0.9220599665508326	0.8957474978078896	0.893567753342366	-0.002179744465523603
sub-12	meta_metaphor	meta_R_temporal_pole	post	0.8805477939837133	0.9387892726766528	0.909668533330183	0.9148300949232026	0.005161561593019504
sub-13	meta_metaphor	meta_R_temporal_pole	pre	0.8096349066972209	0.8087979754249381	0.8092164410610796	0.8043485554721143	-0.004867885588965337
sub-13	meta_metaphor	meta_R_temporal_pole	post	0.793410755301451	0.8940927336265234	0.8437517444639873	0.8458711930184332	0.002119448554445902
sub-13	meta_metaphor	meta_R_temporal_pole	retrieval	0.8340661287227367	0.8294501085300099	0.8317581186263733	0.8252396218684372	-0.006518496757936032
sub-14	meta_metaphor	meta_R_temporal_pole	pre	0.9533212064656672	0.9659960309214233	0.9596586186935452	0.9553763804543497	-0.0042822382391954905
sub-14	meta_metaphor	meta_R_temporal_pole	post	0.9095566924806527	0.93504868576066	0.9223026891206564	0.9174613307730295	-0.0048413583476268895
sub-14	meta_metaphor	meta_R_temporal_pole	retrieval	0.8082183767477626	0.7704001886040673	0.7893092826759149	0.7816349136778618	-0.007674368998053183
sub-15	meta_metaphor	meta_R_temporal_pole	pre	0.8399395911305416	0.8936462849443403	0.866792938037441	0.8706587991168195	0.0038658610793785853
sub-15	meta_metaphor	meta_R_temporal_pole	post	0.8430930734607008	0.8608515269564335	0.8519723002085672	0.8464901306995456	-0.005482169509021584
sub-15	meta_metaphor	meta_R_temporal_pole	retrieval	0.8439837556867671	0.8334559836284676	0.8387198696576174	0.8457454966940751	0.0070256270364577045
sub-16	meta_metaphor	meta_R_temporal_pole	pre	0.9052174311290079	0.8522773632439256	0.8787473971864668	0.8877945909028064	0.009047193716339663
sub-16	meta_metaphor	meta_R_temporal_pole	post	0.9638293035558136	0.955220183981984	0.9595247437688988	0.9558812872748326	-0.0036434564940662773
sub-16	meta_metaphor	meta_R_temporal_pole	retrieval	0.9423498598236589	0.9238637706924958	0.9331068152580774	0.9316017391302274	-0.0015050761278500024
sub-17	meta_metaphor	meta_R_temporal_pole	pre	0.8925569464006611	0.91041130661119	0.9014841265059255	0.8929074625510861	-0.008576663954839359
sub-17	meta_metaphor	meta_R_temporal_pole	post	0.8832773983285014	0.8977092703818538	0.8904933343551775	0.8800737487047124	-0.01041958565046508
sub-17	meta_metaphor	meta_R_temporal_pole	retrieval	0.8876364098828113	0.8884737564418844	0.8880550831623479	0.8823951593130992	-0.005659923849248738
sub-18	meta_metaphor	meta_R_temporal_pole	pre	0.996105071369669	1.0033705548792127	0.9997378131244408	0.990647225353779	-0.00909058777066174
sub-18	meta_metaphor	meta_R_temporal_pole	post	0.9788293642500042	0.9503075503484973	0.9645684572992508	0.9701988886001943	0.005630431300943539
sub-18	meta_metaphor	meta_R_temporal_pole	retrieval	0.9377296277585044	0.9083939293038427	0.9230617785311735	0.9204758675611078	-0.0025859109700657745
sub-19	meta_metaphor	meta_R_temporal_pole	pre	0.6473670354333816	0.8098619949609519	0.7286145151971668	0.737526323441363	0.00891180824419624
sub-19	meta_metaphor	meta_R_temporal_pole	post	0.8624078711383308	0.8007305492867343	0.8315692102125325	0.8313641160474912	-0.0002050941650413307
sub-19	meta_metaphor	meta_R_temporal_pole	retrieval	0.8330901664464343	0.7923257842888517	0.8127079753676429	0.8075077300524952	-0.0052002453151477335
sub-20	meta_metaphor	meta_R_temporal_pole	pre	0.8517436722168876	0.9132078058687996	0.8824757390428436	0.8859291498565418	0.00345341081369821
sub-20	meta_metaphor	meta_R_temporal_pole	post	0.8533062071291714	0.8566796258734015	0.8549929165012864	0.8531124965966963	-0.0018804199045900916
sub-20	meta_metaphor	meta_R_temporal_pole	retrieval	0.8114868390319466	0.7547574571959166	0.7831221481139317	0.7837887405988548	0.0006665924849231786
sub-21	meta_metaphor	meta_R_temporal_pole	pre	0.8829237267338699	0.8250763223448624	0.8540000245393662	0.8504493662308366	-0.0035506583085296306
sub-21	meta_metaphor	meta_R_temporal_pole	post	0.8806261210572134	0.8204802445744958	0.8505531828158546	0.8487556999259844	-0.001797482889870139
sub-21	meta_metaphor	meta_R_temporal_pole	retrieval	0.3154765004638849	0.2204757300640319	0.2679761152639584	0.2660291907238263	-0.0019469245401321222
sub-22	meta_metaphor	meta_R_temporal_pole	pre	0.8559040850257724	0.8202620975723897	0.8380830912990811	0.8382618784817369	0.00017878718265584848
sub-22	meta_metaphor	meta_R_temporal_pole	post	0.8623896684395795	0.8380162087439951	0.8502029385917873	0.8502132917592863	1.0353167498977633e-05
sub-22	meta_metaphor	meta_R_temporal_pole	retrieval	0.8656077076688121	0.7942918518234381	0.829949779746125	0.8274929496245438	-0.002456830121581266
sub-23	meta_metaphor	meta_R_temporal_pole	pre	0.9403069283403926	0.9167104566254236	0.9285086924829081	0.9358919668140208	0.0073832743311126325
sub-23	meta_metaphor	meta_R_temporal_pole	post	0.9359568877273753	0.94188986959004	0.9389233786587077	0.929459751340323	-0.009463627318384682
sub-24	meta_metaphor	meta_R_temporal_pole	pre	0.9083423737609649	0.9268509635097384	0.9175966686353516	0.913342833387757	-0.004253835247594595
sub-24	meta_metaphor	meta_R_temporal_pole	post	0.8683380735458439	0.9170988047705704	0.8927184391582071	0.9187182516037719	0.025999812445564707
sub-24	meta_metaphor	meta_R_temporal_pole	retrieval	0.851336021850759	0.8914749380107071	0.871405479930733	0.8816243995248236	0.010218919594090603
sub-25	meta_metaphor	meta_R_temporal_pole	pre	0.7513694155820541	0.7643853182911338	0.7578773669365939	0.7569694981554873	-0.0009078687811066022
sub-25	meta_metaphor	meta_R_temporal_pole	post	0.7249554257366614	0.6277798359585606	0.676367630847611	0.6764088589027446	4.122805513362415e-05
sub-25	meta_metaphor	meta_R_temporal_pole	retrieval	0.6893847270689335	0.6999883618050633	0.6946865444369984	0.6883235724932747	-0.006362971943723705
sub-26	meta_metaphor	meta_R_temporal_pole	pre	0.8527816368826432	0.8342527589056972	0.8435171978941702	0.8388745984754359	-0.00464259941873435
sub-26	meta_metaphor	meta_R_temporal_pole	post	0.7561289430843062	0.8186965287099024	0.7874127358971044	0.7872827317873692	-0.00013000410973518228
sub-26	meta_metaphor	meta_R_temporal_pole	retrieval	0.7665471350590647	0.8575546163270313	0.812050875693048	0.8109310736720656	-0.0011198020209823856
sub-27	meta_metaphor	meta_R_temporal_pole	pre	0.9683977352760741	0.9578116759815319	0.963104705628803	0.9578654591238317	-0.005239246504971318
sub-27	meta_metaphor	meta_R_temporal_pole	post	0.9874983808353464	0.9779950235777886	0.9827467022065675	0.9837926529721365	0.0010459507655690148
sub-27	meta_metaphor	meta_R_temporal_pole	retrieval	0.9811193854125214	0.9938769110281147	0.987498148220318	0.9861709964241434	-0.0013271517961745971
sub-28	meta_metaphor	meta_R_temporal_pole	pre	0.7724961515405184	0.7449983614854679	0.7587472565129931	0.7498189072871854	-0.008928349225807763
sub-28	meta_metaphor	meta_R_temporal_pole	post	0.9821914460155038	0.9632724930654997	0.9727319695405017	0.9688190599075904	-0.003912909632911243
sub-28	meta_metaphor	meta_R_temporal_pole	retrieval	0.8400401626152193	0.8382902897866402	0.8391652262009297	0.836751643887465	-0.0024135823134646683
